BÉBÉ,Grossesse et Allaitement,Tire Lait,Tire Lait SWEET BABY,7.900 TND
BÉBÉ,Grossesse et Allaitement,Tire Lait,Tire Lait SWEET BABY,7.900 TND
BÉBÉ,Grossesse et Allaitement,Tire Lait,Set Tire Lait + Biberon SWEET BABY Semi Automatique - Rouge,29.000 TND
BÉBÉ,Grossesse et Allaitement,Tire Lait,Set Tire Lait + Biberon SWEET BABY Semi Automatique - Rouge,39.000 TND
BÉBÉ,Grossesse et Allaitement,Tire Lait,Set Tire Lait + Biberon SWEET BABY - Vert ,29.000 TND
BÉBÉ,Grossesse et Allaitement,Tire Lait,Set Tire Lait + Biberon SWEET BABY - Vert ,39.000 TND
BÉBÉ,Grossesse et Allaitement,Coussin de Grossesse,Coussinets d'allaitements jetables AVENT - Blanc,29.000 TND
BÉBÉ,Grossesse et Allaitement,Coussin de Grossesse,Coussinets d'allaitements jetables AVENT - Blanc,39.000 TND
BÉBÉ,Grossesse et Allaitement,Coussin de Grossesse,Coussin de grossesse MYCEY Petit Modèle Rouge,29.000 TND
BÉBÉ,Grossesse et Allaitement,Coussin de Grossesse,Coussin de grossesse MYCEY Petit Modèle Rouge,39.000 TND
BÉBÉ,Grossesse et Allaitement,Coussin de Grossesse,Coussin De Grossesse MYCEY Petit Modèle - Blanc & Vert,39.000 TND
BÉBÉ,Grossesse et Allaitement,Coussin de Grossesse,Coussin De Grossesse MYCEY Petit Modèle - Blanc & Vert,39.000 TND
BÉBÉ,Grossesse et Allaitement,Coussin de Grossesse,Coussin De Grossesse MYCEY MM - Rouge,45.000 TND
BÉBÉ,Grossesse et Allaitement,Coussin de Grossesse,Coussin De Grossesse MYCEY MM - Rouge,45.000 TND
BÉBÉ,Toilette, Soin de bébé,Baignoire Bébé,Baignoire BOLLICINA Pour Bébé - Rose,19.000 TND
BÉBÉ,Toilette, Soin de bébé,Baignoire Bébé,Baignoire BOLLICINA Pour Bébé - Rose,49.000 TND
BÉBÉ,Toilette, Soin de bébé,Baignoire Bébé,Baignoire BOLLICINA Pour Bébé - Bleu,19.000 TND
BÉBÉ,Toilette, Soin de bébé,Baignoire Bébé,Baignoire BOLLICINA Pour Bébé - Bleu,49.000 TND
BÉBÉ,Toilette, Soin de bébé,Baignoire Bébé,Chaise De Bain PILSAN - Blanc,19.000 TND
BÉBÉ,Toilette, Soin de bébé,Baignoire Bébé,Chaise De Bain PILSAN - Blanc,49.000 TND
BÉBÉ,Toilette, Soin de bébé,Baignoire Bébé,Baignoire PRIMA Baby Sparkle - Bleu,19.000 TND
BÉBÉ,Toilette, Soin de bébé,Baignoire Bébé,Baignoire PRIMA Baby Sparkle - Bleu,49.000 TND
BÉBÉ,Toilette, Soin de bébé,Baignoire Bébé,Baignoire PRIMA Baby Sparkle - Rose poudre,25.000 TND
BÉBÉ,Toilette, Soin de bébé,Baignoire Bébé,Baignoire PRIMA Baby Sparkle - Rose poudre,29.000 TND
BÉBÉ,Toilette, Soin de bébé,Baignoire Bébé,Chaise De Bain PILSAN - BLEU,25.000 TND
BÉBÉ,Toilette, Soin de bébé,Baignoire Bébé,Chaise De Bain PILSAN - BLEU,29.000 TND
BÉBÉ,Toilette, Soin de bébé,Baignoire Bébé,Chaise De Bain PILSAN - ROSE,25.000 TND
BÉBÉ,Toilette, Soin de bébé,Baignoire Bébé,Chaise De Bain PILSAN - ROSE,25.000 TND
BÉBÉ,Toilette, Soin de bébé,Baignoire Bébé,Baignoire PRIMA Aqua-Safe - Gris(PR010-G),25.000 TND
BÉBÉ,Toilette, Soin de bébé,Baignoire Bébé,Baignoire PRIMA Aqua-Safe - Gris(PR010-G),25.000 TND
BÉBÉ,Toilette, Soin de bébé,Baignoire Bébé,Baignoire CAM Vachetta Bollicina - Beige,25.000 TND
BÉBÉ,Toilette, Soin de bébé,Baignoire Bébé,Baignoire CAM Vachetta Bollicina - Beige,29.000 TND
BÉBÉ,Toilette, Soin de bébé,Baignoire Bébé,Chaise De Bain PILSAN Pour Bébé 07497,25.000 TND
BÉBÉ,Toilette, Soin de bébé,Baignoire Bébé,Chaise De Bain PILSAN Pour Bébé 07497,29.000 TND
BÉBÉ,Toilette, Soin de bébé,Table à langer,Table à Langer BREVI Lindo Pro Princesse (BRV568679),285.000 TND
BÉBÉ,Toilette, Soin de bébé,Table à langer,Table à Langer BREVI Lindo Pro Princesse (BRV568679),299.000 TND
BÉBÉ,Toilette, Soin de bébé,Table à langer,Table à Langer CAM AQUA TEDDY - Gris (CAMC612C247),285.000 TND
BÉBÉ,Toilette, Soin de bébé,Table à langer,Table à Langer CAM AQUA TEDDY - Gris (CAMC612C247),299.000 TND
BÉBÉ,Toilette, Soin de bébé,Table à langer,Table à Langer CAM AQUA SPA - Beige (CAMC613C240),329.000 TND
BÉBÉ,Toilette, Soin de bébé,Table à langer,Table à Langer CAM AQUA SPA - Beige (CAMC613C240),329.000 TND
BÉBÉ,Toilette, Soin de bébé,Table à langer,Table à Langer CAM CAMBIO- Beige (CAMC209C240),369.000 TND
BÉBÉ,Toilette, Soin de bébé,Table à langer,Table à Langer CAM CAMBIO- Beige (CAMC209C240),369.000 TND
BÉBÉ,Toilette, Soin de bébé,Table à langer,Table à Langer CAM avec baignoire Cambio - Gris,495.000 TND
BÉBÉ,Toilette, Soin de bébé,Table à langer,Table à Langer CAM avec baignoire Cambio - Gris,529.000 TND
BÉBÉ,Toilette, Soin de bébé,Hygiène bébé,Talc Poudre SWEET BABY 100g,4.500 TND
BÉBÉ,Toilette, Soin de bébé,Hygiène bébé,Talc Poudre SWEET BABY 100g,4.500 TND
BÉBÉ,Toilette, Soin de bébé,Hygiène bébé,Savon Bébé MATERNA 100 g ,4.500 TND
BÉBÉ,Toilette, Soin de bébé,Hygiène bébé,Savon Bébé MATERNA 100 g ,4.500 TND
BÉBÉ,Toilette, Soin de bébé,Hygiène bébé,Coupe Ongles SWEET BABY Pour Bébé,4.900 TND
BÉBÉ,Toilette, Soin de bébé,Hygiène bébé,Coupe Ongles SWEET BABY Pour Bébé,15.000 TND
BÉBÉ,Toilette, Soin de bébé,Hygiène bébé,Shampooing Bébé MATERNA 300 ml,4.900 TND
BÉBÉ,Toilette, Soin de bébé,Hygiène bébé,Shampooing Bébé MATERNA 300 ml,15.000 TND
BÉBÉ,Toilette, Soin de bébé,Hygiène bébé,Éponge De Bain SWEET BABY Pour Bébé,4.900 TND
BÉBÉ,Toilette, Soin de bébé,Hygiène bébé,Éponge De Bain SWEET BABY Pour Bébé,9.000 TND
BÉBÉ,Toilette, Soin de bébé,Hygiène bébé,Aspirateur De Nez SWEET BABY En Silicone,4.900 TND
BÉBÉ,Toilette, Soin de bébé,Hygiène bébé,Aspirateur De Nez SWEET BABY En Silicone,9.000 TND
BÉBÉ,Toilette, Soin de bébé,Hygiène bébé,Brosse Et Peigne Pour Bébé SWEET BABY 652,6.900 TND
BÉBÉ,Toilette, Soin de bébé,Hygiène bébé,Brosse Et Peigne Pour Bébé SWEET BABY 652,6.900 TND
BÉBÉ,Toilette, Soin de bébé,Hygiène bébé,Lait de Toilette MATERNA 250 ml,9.900 TND
BÉBÉ,Toilette, Soin de bébé,Hygiène bébé,Lait de Toilette MATERNA 250 ml,15.000 TND
BÉBÉ,Toilette, Soin de bébé,Hygiène bébé,Coffret Soin Ongles SWEET BABY Pour Bébé,9.900 TND
BÉBÉ,Toilette, Soin de bébé,Hygiène bébé,Coffret Soin Ongles SWEET BABY Pour Bébé,15.000 TND
BÉBÉ,Toilette, Soin de bébé,Hygiène bébé,Coffret Soin Ongles SWEET BABY Pour Bébé - Rose,10.900 TND
BÉBÉ,Toilette, Soin de bébé,Hygiène bébé,Coffret Soin Ongles SWEET BABY Pour Bébé - Rose,19.000 TND
BÉBÉ,Bébé en Sécurité,Babyphone,Babyphone VTECH Classic Light BM1100 ,199.000 TND
BÉBÉ,Bébé en Sécurité,Babyphone,Babyphone VTECH Classic Light BM1100 ,199.000 TND
BÉBÉ,Bébé en Sécurité,Babyphone,Babyphone VTECH Avec Projecteur d’étoiles VTBM2200,385.000 TND
BÉBÉ,Bébé en Sécurité,Babyphone,Babyphone VTECH Avec Projecteur d’étoiles VTBM2200,385.000 TND
BÉBÉ,Toilette, Soin de bébé,Baignoire Bébé,Baignoire CAM Vachetta Bollicina - Gris,59.000 TND
BÉBÉ,Toilette, Soin de bébé,Baignoire Bébé,Baignoire CAM Vachetta Bollicina - Gris,59.000 TND
BÉBÉ,Toilette, Soin de bébé,Baignoire Bébé,Baignoire CAM Baby Bagno - Beige,99.000 TND
BÉBÉ,Toilette, Soin de bébé,Baignoire Bébé,Baignoire CAM Baby Bagno - Beige,99.000 TND
BÉBÉ,Toilette, Soin de bébé,Baignoire Bébé,Baignoire CAM Baby Bagno - Gris,99.000 TND
BÉBÉ,Toilette, Soin de bébé,Baignoire Bébé,Baignoire CAM Baby Bagno - Gris,99.000 TND
BÉBÉ,Vêtements Bébé,Couvertures d'emmaillotage,Emailloteur MYCEY Pour Fille Taille S,39.000 TND
BÉBÉ,Vêtements Bébé,Couvertures d'emmaillotage,Emailloteur MYCEY Pour Fille Taille S,39.000 TND
BÉBÉ,Vêtements Bébé,Couvertures d'emmaillotage,Lange MYCEY Pour Garçon Taille S,39.000 TND
BÉBÉ,Vêtements Bébé,Couvertures d'emmaillotage,Lange MYCEY Pour Garçon Taille S,39.000 TND
BÉBÉ,Bébé dort,Coussin Bébé,Mini Oreiller MYCEY Pour Bébé - Rose,17.000 TND
BÉBÉ,Bébé dort,Coussin Bébé,Mini Oreiller MYCEY Pour Bébé - Rose,17.000 TND
BÉBÉ,Bébé dort,Coussin Bébé,Coussin d'allaitement MYCEY Pour Bébé (TCM08035),17.000 TND
BÉBÉ,Bébé dort,Coussin Bébé,Coussin d'allaitement MYCEY Pour Bébé (TCM08035),29.000 TND
BÉBÉ,Bébé dort,Coussin Bébé,Mini Oreiller MYCEY Pour Bébé - Bleu,17.000 TND
BÉBÉ,Bébé dort,Coussin Bébé,Mini Oreiller MYCEY Pour Bébé - Bleu,29.000 TND
BÉBÉ,Bébé dort,Coussin Bébé,Oreiller MYCEY Pour Le Cou Et La Ceinture De Sécurité ,19.000 TND
BÉBÉ,Bébé dort,Coussin Bébé,Oreiller MYCEY Pour Le Cou Et La Ceinture De Sécurité ,19.000 TND
BÉBÉ,Bébé dort,Coussin Bébé,Cale bébé MYCEY - Blanc,29.000 TND
BÉBÉ,Bébé dort,Coussin Bébé,Cale bébé MYCEY - Blanc,29.000 TND
BÉBÉ,Bébé dort,Coussin Bébé,Coussin d'allaitement Petit Modèle - Grege,35.000 TND
BÉBÉ,Bébé dort,Coussin Bébé,Coussin d'allaitement Petit Modèle - Grege,55.000 TND
BÉBÉ,Bébé dort,Coussin Bébé,Coussin d'allaitement Petit Modèle - Bleu,35.000 TND
BÉBÉ,Bébé dort,Coussin Bébé,Coussin d'allaitement Petit Modèle - Bleu,55.000 TND
BÉBÉ,Bébé dort,Coussin Bébé,Coussin d'allaitement MYCEY Pour Bébé - Bleu,55.000 TND
BÉBÉ,Bébé dort,Coussin Bébé,Coussin d'allaitement MYCEY Pour Bébé - Bleu,55.000 TND
BÉBÉ,Bébé dort,Coussin Bébé,Coussin d'allaitement MYCEY Pour Bébé (TCM0084),55.000 TND
BÉBÉ,Bébé dort,Coussin Bébé,Coussin d'allaitement MYCEY Pour Bébé (TCM0084),55.000 TND
BÉBÉ,Bébé dort,Coussin Bébé,Coussin d'allaitement Et De Soutien MYCEY Moyen - Blanc & Rose,75.000 TND
BÉBÉ,Bébé dort,Coussin Bébé,Coussin d'allaitement Et De Soutien MYCEY Moyen - Blanc & Rose,75.000 TND
BÉBÉ,Bébé dort,Landau,Landau Portatif Pour Bébé 66521 - Rose,169.000 TND
BÉBÉ,Bébé dort,Landau,Landau Portatif Pour Bébé 66521 - Rose,169.000 TND
BÉBÉ,Bébé dort,Landau,Landau PRIMA Siesta Rock and Play - Rouge,229.000 TND
BÉBÉ,Bébé dort,Landau,Landau PRIMA Siesta Rock and Play - Rouge,259.000 TND
BÉBÉ,Bébé dort,Landau,Transat CAM Sonnolento - Gris,229.000 TND
BÉBÉ,Bébé dort,Landau,Transat CAM Sonnolento - Gris,259.000 TND
BÉBÉ,Bébé dort,Landau,Transat CAM Sonnolento - Beige,499.000 TND
BÉBÉ,Bébé dort,Landau,Transat CAM Sonnolento - Beige,499.000 TND
BÉBÉ,Bébé dort,Berceau,Berceau CAM Cullami - Gris,685.000 TND
BÉBÉ,Bébé dort,Berceau,Berceau CAM Cullami - Gris,799.000 TND
BÉBÉ,Bébé dort,Berceau,Berceau CAM Cullami - Bleu,685.000 TND
BÉBÉ,Bébé dort,Berceau,Berceau CAM Cullami - Bleu,799.000 TND
BÉBÉ,Bébé dort,Berceau,Berceau CAM Cullami - Gris Foncé (CAM925C153),685.000 TND
BÉBÉ,Bébé dort,Berceau,Berceau CAM Cullami - Gris Foncé (CAM925C153),799.000 TND
BÉBÉ,Bébé dort,Berceau,Berceau CAM Cullami - Beige (CAM925C154),685.000 TND
BÉBÉ,Bébé dort,Berceau,Berceau CAM Cullami - Beige (CAM925C154),799.000 TND
BÉBÉ,Bébé dort,Matelas Bébé,Lot De 2 Couvertures MYCEY 65 cm - Blanc & Rose,24.900 TND
BÉBÉ,Bébé dort,Matelas Bébé,Lot De 2 Couvertures MYCEY 65 cm - Blanc & Rose,24.900 TND
BÉBÉ,Bébé dort,Matelas Bébé,Lot De 2 Couvertures MYCEY 65 cm - Blanc & Bleu ,24.900 TND
BÉBÉ,Bébé dort,Matelas Bébé,Lot De 2 Couvertures MYCEY 65 cm - Blanc & Bleu ,24.900 TND
BÉBÉ,Bébé dort,Matelas Bébé,Couverture MYCEY 90 cm - Rose,25.000 TND
BÉBÉ,Bébé dort,Matelas Bébé,Couverture MYCEY 90 cm - Rose,25.000 TND
BÉBÉ,Bébé dort,Matelas Bébé,Couverture MYCEY 90 cm - Bleu,25.000 TND
BÉBÉ,Bébé dort,Matelas Bébé,Couverture MYCEY 90 cm - Bleu,25.000 TND
BÉBÉ,Bébé dort,Matelas Bébé,Protège Matelas MYCEY Ultra Doux Matelas 70x140,35.000 TND
BÉBÉ,Bébé dort,Matelas Bébé,Protège Matelas MYCEY Ultra Doux Matelas 70x140,35.000 TND
BÉBÉ,Bébé dort,Matelas Bébé,Protège Matelas MYCEY 2En1 70*140Cm,39.000 TND
BÉBÉ,Bébé dort,Matelas Bébé,Protège Matelas MYCEY 2En1 70*140Cm,39.000 TND
BÉBÉ,Bébé dort,Matelas Bébé,Protège Matelas MYCEY Imperméable 90x190cm,55.000 TND
BÉBÉ,Bébé dort,Matelas Bébé,Protège Matelas MYCEY Imperméable 90x190cm,55.000 TND
BÉBÉ,Bébé dort,Matelas Bébé,Plan Incliné 15° - Blanc,59.000 TND
BÉBÉ,Bébé dort,Matelas Bébé,Plan Incliné 15° - Blanc,59.000 TND
BÉBÉ,Bébé dort,Matelas Bébé,Plan Incliné 25°- Blanc,89.000 TND
BÉBÉ,Bébé dort,Matelas Bébé,Plan Incliné 25°- Blanc,89.000 TND
BÉBÉ,Bébé dort,Matelas Bébé,Matelas Pliant 120 X 60CM Avec Epaisseur de 5CM,95.000 TND
BÉBÉ,Bébé dort,Matelas Bébé,Matelas Pliant 120 X 60CM Avec Epaisseur de 5CM,95.000 TND
BÉBÉ,Bébé dort,Lit Bébé,Couette Bébé MYCEY 145 x 95 cm - Blanc,49.000 TND
BÉBÉ,Bébé dort,Lit Bébé,Couette Bébé MYCEY 145 x 95 cm - Blanc,99.000 TND
BÉBÉ,Bébé dort,Lit Bébé,Barriere De Lit CAM Dolcenanna Pop - Blanc,49.000 TND
BÉBÉ,Bébé dort,Lit Bébé,Barriere De Lit CAM Dolcenanna Pop - Blanc,99.000 TND
BÉBÉ,Bébé dort,Lit Bébé,Lit Bébé Portable Musicale Avec Vibration - Rose,129.000 TND
BÉBÉ,Bébé dort,Lit Bébé,Lit Bébé Portable Musicale Avec Vibration - Rose,159.000 TND
BÉBÉ,Bébé dort,Lit Bébé,Lit De Voyage CAM Pisolino - Bleu ,129.000 TND
BÉBÉ,Bébé dort,Lit Bébé,Lit De Voyage CAM Pisolino - Bleu ,159.000 TND
BÉBÉ,Bébé dort,Lit Bébé,Lit CAM Daily Plus - Bleu Marine,129.000 TND
BÉBÉ,Bébé dort,Lit Bébé,Lit CAM Daily Plus - Bleu Marine,155.000 TND
BÉBÉ,Bébé dort,Lit Bébé,Lit CAM Daily Plus - Beige,129.000 TND
BÉBÉ,Bébé dort,Lit Bébé,Lit CAM Daily Plus - Beige,155.000 TND
BÉBÉ,Bébé mange,Biberon et Accessoires,Goupillon Pour Biberon SWEET BABY Avec Mini-brosse,7.500 TND
BÉBÉ,Bébé mange,Biberon et Accessoires,Goupillon Pour Biberon SWEET BABY Avec Mini-brosse,15.000 TND
BÉBÉ,Bébé mange,Biberon et Accessoires,Mini Ensemble SWEET BABY 2en1,7.500 TND
BÉBÉ,Bébé mange,Biberon et Accessoires,Mini Ensemble SWEET BABY 2en1,15.000 TND
BÉBÉ,Bébé mange,Biberon et Accessoires,Mini Ensemble MYCEY 2en1 - Orange,7.900 TND
BÉBÉ,Bébé mange,Biberon et Accessoires,Mini Ensemble MYCEY 2en1 - Orange,19.000 TND
BÉBÉ,Bébé mange,Biberon et Accessoires,Micro Biberon MYCEY 2 En 1 Tetine + Bec A Eau 30 Ml (TCM05051),7.900 TND
BÉBÉ,Bébé mange,Biberon et Accessoires,Micro Biberon MYCEY 2 En 1 Tetine + Bec A Eau 30 Ml (TCM05051),19.000 TND
BÉBÉ,Bébé mange,Biberon et Accessoires,Tasse à Eau SWEET BABY 210 ml,9.900 TND
BÉBÉ,Bébé mange,Biberon et Accessoires,Tasse à Eau SWEET BABY 210 ml,25.000 TND
BÉBÉ,Bébé mange,Biberon et Accessoires,Biberon SWEET BABY En Verre 250ML ,9.900 TND
BÉBÉ,Bébé mange,Biberon et Accessoires,Biberon SWEET BABY En Verre 250ML ,25.000 TND
BÉBÉ,Bébé mange,Biberon et Accessoires,Biberon SWEET BABY En Verre 100ML ,11.900 TND
BÉBÉ,Bébé mange,Biberon et Accessoires,Biberon SWEET BABY En Verre 100ML ,11.900 TND
BÉBÉ,Bébé mange,Biberon et Accessoires,Biberon SWEET BABY En Polypropylène 150 ml,11.900 TND
BÉBÉ,Bébé mange,Biberon et Accessoires,Biberon SWEET BABY En Polypropylène 150 ml,11.900 TND
BÉBÉ,Bébé mange,Biberon et Accessoires,Biberon SWEET BABY En Verre Cristal Haute Résistance 250ml - Rouge,11.900 TND
BÉBÉ,Bébé mange,Biberon et Accessoires,Biberon SWEET BABY En Verre Cristal Haute Résistance 250ml - Rouge,11.900 TND
BÉBÉ,Bébé mange,Biberon et Accessoires,Biberon SWEET BABY En verre cristal résistance 60ML,11.900 TND
BÉBÉ,Bébé mange,Biberon et Accessoires,Biberon SWEET BABY En verre cristal résistance 60ML,11.900 TND
BÉBÉ,Bébé mange,Bavoir,Bavoir Bébé Unisexe BV5,6.900 TND
BÉBÉ,Bébé mange,Bavoir,Bavoir Bébé Unisexe BV5,9.900 TND
BÉBÉ,Bébé mange,Bavoir,Bavoir Bandana MYCEY TCM00518 - Rose,6.900 TND
BÉBÉ,Bébé mange,Bavoir,Bavoir Bandana MYCEY TCM00518 - Rose,9.900 TND
BÉBÉ,Bébé mange,Bavoir,Bavoir Bandana MYCEY TCM00520 - Bleu,9.900 TND
BÉBÉ,Bébé mange,Bavoir,Bavoir Bandana MYCEY TCM00520 - Bleu,19.900 TND
BÉBÉ,Bébé mange,Bavoir,Bavoir Eponge MYCEY Uni - Rose,9.900 TND
BÉBÉ,Bébé mange,Bavoir,Bavoir Eponge MYCEY Uni - Rose,19.900 TND
BÉBÉ,Bébé mange,Bavoir,Bavoir Bébé MYCEY Antitache - Grenouille,10.900 TND
BÉBÉ,Bébé mange,Bavoir,Bavoir Bébé MYCEY Antitache - Grenouille,10.900 TND
BÉBÉ,Bébé mange,Bavoir,Bavoir Bébé MYCEY Antitache - Lapin,12.900 TND
BÉBÉ,Bébé mange,Bavoir,Bavoir Bébé MYCEY Antitache - Lapin,12.900 TND
BÉBÉ,Bébé mange,Bavoir,Lot 2 Bavoirs MYCEY Coton - Rose,14.000 TND
BÉBÉ,Bébé mange,Bavoir,Lot 2 Bavoirs MYCEY Coton - Rose,14.000 TND
BÉBÉ,Bébé mange,Bavoir,Lot 2 Bavoirs MYCEY Coton - Bleu,14.000 TND
BÉBÉ,Bébé mange,Bavoir,Lot 2 Bavoirs MYCEY Coton - Bleu,14.000 TND
BÉBÉ,Bébé mange,Bavoir,Lot 2 Bavoirs MYCEY Bandana Coton,14.000 TND
BÉBÉ,Bébé mange,Bavoir,Lot 2 Bavoirs MYCEY Bandana Coton,14.000 TND
BÉBÉ,Bébé mange,Bavoir,MYCEY Bavoir figurants des animaux (TCM00509),14.000 TND
BÉBÉ,Bébé mange,Bavoir,MYCEY Bavoir figurants des animaux (TCM00509),14.000 TND
BÉBÉ,Bébé mange,Chaise haute,Chaise Haute PRIMA SLIM - Rouge,59.000 TND
BÉBÉ,Bébé mange,Chaise haute,Chaise Haute PRIMA SLIM - Rouge,59.000 TND
BÉBÉ,Bébé mange,Chaise haute,Chaise Haute PRIMA SLIM - Jaune,59.000 TND
BÉBÉ,Bébé mange,Chaise haute,Chaise Haute PRIMA SLIM - Jaune,59.000 TND
BÉBÉ,Bébé mange,Chaise haute,Chaise Haute PRIMA SLIM - Bleu,59.000 TND
BÉBÉ,Bébé mange,Chaise haute,Chaise Haute PRIMA SLIM - Bleu,59.000 TND
BÉBÉ,Bébé mange,Chaise haute,Chaise Haute PRIMA SLIM - Blanc,59.000 TND
BÉBÉ,Bébé mange,Chaise haute,Chaise Haute PRIMA SLIM - Blanc,59.000 TND
BÉBÉ,Bébé mange,Chaise haute,Chaise Haute PRIMA SLIM - Grège ,59.000 TND
BÉBÉ,Bébé mange,Chaise haute,Chaise Haute PRIMA SLIM - Grège ,59.000 TND
BÉBÉ,Bébé mange,Chaise haute,Chaise Haute PRIMA SLIM - Rose,59.000 TND
BÉBÉ,Bébé mange,Chaise haute,Chaise Haute PRIMA SLIM - Rose,59.000 TND
BÉBÉ,Bébé mange,Chaise haute,Chaise Haute SAFETY 1ST Kenny Warm - Gris,269.000 TND
BÉBÉ,Bébé mange,Chaise haute,Chaise Haute SAFETY 1ST Kenny Warm - Gris,269.000 TND
BÉBÉ,Bébé mange,Chaise haute,Chaise Haute PRIMA Lunch Time - Noir,279.000 TND
BÉBÉ,Bébé mange,Chaise haute,Chaise Haute PRIMA Lunch Time - Noir,279.000 TND
BÉBÉ,Bébé mange,Chaise haute,Chaise Haute PRIMA Lunch Time - Rouge,279.000 TND
BÉBÉ,Bébé mange,Chaise haute,Chaise Haute PRIMA Lunch Time - Rouge,279.000 TND
BÉBÉ,Bébé mange,Chaise haute,Chaise Haute PRIMA Lunch Time - Gris Bulle,279.000 TND
BÉBÉ,Bébé mange,Chaise haute,Chaise Haute PRIMA Lunch Time - Gris Bulle,279.000 TND
BÉBÉ,Bébé s’éveille,Jouets bébé,Anneau Dentition SWEET BABY En Silicone ,4.900 TND
BÉBÉ,Bébé s’éveille,Jouets bébé,Anneau Dentition SWEET BABY En Silicone ,7.900 TND
BÉBÉ,Bébé s’éveille,Jouets bébé,Gratte Dents SWEET BABY En PP Avec Hochet,4.900 TND
BÉBÉ,Bébé s’éveille,Jouets bébé,Gratte Dents SWEET BABY En PP Avec Hochet,7.900 TND
BÉBÉ,Bébé s’éveille,Jouets bébé,Jouet Musical de Canard Pour 1re âge - Rose,10.900 TND
BÉBÉ,Bébé s’éveille,Jouets bébé,Jouet Musical de Canard Pour 1re âge - Rose,19.000 TND
BÉBÉ,Bébé s’éveille,Jouets bébé,Hochet En Peluche - Multicolore XQ220D,10.900 TND
BÉBÉ,Bébé s’éveille,Jouets bébé,Hochet En Peluche - Multicolore XQ220D,19.000 TND
BÉBÉ,Bébé s’éveille,Jouets bébé,Hochet En Peluche - Multicolore XQ220B,15.000 TND
BÉBÉ,Bébé s’éveille,Jouets bébé,Hochet En Peluche - Multicolore XQ220B,19.000 TND
BÉBÉ,Bébé s’éveille,Jouets bébé,Hochet En Peluche - Multicolore XQ220C,15.000 TND
BÉBÉ,Bébé s’éveille,Jouets bébé,Hochet En Peluche - Multicolore XQ220C,19.000 TND
BÉBÉ,Bébé s’éveille,Jouets bébé,Jouet Musical de Canard Pour 1re âge - Jaune,19.900 TND
BÉBÉ,Bébé s’éveille,Jouets bébé,Jouet Musical de Canard Pour 1re âge - Jaune,25.000 TND
BÉBÉ,Bébé s’éveille,Jouets bébé,Pack Pour Bébé Anneau Dentaire + Figure Cloche + Anneau Biberon ,19.900 TND
BÉBÉ,Bébé s’éveille,Jouets bébé,Pack Pour Bébé Anneau Dentaire + Figure Cloche + Anneau Biberon ,25.000 TND
BÉBÉ,Bébé s’éveille,Jouets bébé,Jouet Musical de Petit Chien Pour Enfant 1re âge - Blanc,19.900 TND
BÉBÉ,Bébé s’éveille,Jouets bébé,Jouet Musical de Petit Chien Pour Enfant 1re âge - Blanc,25.000 TND
BÉBÉ,Bébé s’éveille,Jouets bébé,Jouet Musical du Poisson Pour 1re âge - Bleu,19.900 TND
BÉBÉ,Bébé s’éveille,Jouets bébé,Jouet Musical du Poisson Pour 1re âge - Bleu,25.000 TND
BÉBÉ,Bébé s’éveille,Parc Bébé,Parc Lit PRIMA Standard rétractable - Beige ,199.000 TND
BÉBÉ,Bébé s’éveille,Parc Bébé,Parc Lit PRIMA Standard rétractable - Beige ,199.000 TND
BÉBÉ,Bébé s’éveille,Parc Bébé,Parc Lit PRIMA Standard rétractable - Orange,199.000 TND
BÉBÉ,Bébé s’éveille,Parc Bébé,Parc Lit PRIMA Standard rétractable - Orange,199.000 TND
BÉBÉ,Bébé s’éveille,Parc Bébé,Parc Lit PRIMA Standard rétractable - Bleu (BB017-C192),199.000 TND
BÉBÉ,Bébé s’éveille,Parc Bébé,Parc Lit PRIMA Standard rétractable - Bleu (BB017-C192),199.000 TND
BÉBÉ,Bébé s’éveille,Parc Bébé,Parc Lit PRIMA Standard rétractable - Pistache,199.000 TND
BÉBÉ,Bébé s’éveille,Parc Bébé,Parc Lit PRIMA Standard rétractable - Pistache,199.000 TND
BÉBÉ,Bébé s’éveille,Parc Bébé,Parc Lit PRIMA Standard rétractable - Turquoise,225.000 TND
BÉBÉ,Bébé s’éveille,Parc Bébé,Parc Lit PRIMA Standard rétractable - Turquoise,225.000 TND
BÉBÉ,Bébé s’éveille,Parc Bébé,Parc Lit SAFETY 1ST Soft Dreams - Rouge,289.000 TND
BÉBÉ,Bébé s’éveille,Parc Bébé,Parc Lit SAFETY 1ST Soft Dreams - Rouge,289.000 TND
BÉBÉ,Bébé s’éveille,Parc Bébé,Parc CAM Lusso Parcogiochi - Pistache,299.000 TND
BÉBÉ,Bébé s’éveille,Parc Bébé,Parc CAM Lusso Parcogiochi - Pistache,299.000 TND
BÉBÉ,Bébé s’éveille,Parc Bébé,Parc CAM Lusso Parcogiochi - Gris,299.000 TND
BÉBÉ,Bébé s’éveille,Parc Bébé,Parc CAM Lusso Parcogiochi - Gris,299.000 TND
BÉBÉ,Bébé s’éveille,Parc Bébé,Parc Lit SAFETY 1ST Mini Dreams Happy Day ,319.000 TND
BÉBÉ,Bébé s’éveille,Parc Bébé,Parc Lit SAFETY 1ST Mini Dreams Happy Day ,319.000 TND
BÉBÉ,Bébé s’éveille,Parc Bébé,Parc Lit PRIMA Lindo - Rouge,329.000 TND
BÉBÉ,Bébé s’éveille,Parc Bébé,Parc Lit PRIMA Lindo - Rouge,389.000 TND
BÉBÉ,Bébé s’éveille,Trotteur,Aide à La Marche Pour Bébé HE0818 - Multi couleur ,65.000 TND
BÉBÉ,Bébé s’éveille,Trotteur,Aide à La Marche Pour Bébé HE0818 - Multi couleur ,75.000 TND
BÉBÉ,Bébé s’éveille,Trotteur,Trotteur GIRELLO - Rouge,65.000 TND
BÉBÉ,Bébé s’éveille,Trotteur,Trotteur GIRELLO - Rouge,75.000 TND
BÉBÉ,Bébé s’éveille,Trotteur,Trotteur GIRELLO - Jaune,65.000 TND
BÉBÉ,Bébé s’éveille,Trotteur,Trotteur GIRELLO - Jaune,65.000 TND
BÉBÉ,Bébé s’éveille,Trotteur,Trotteur GIRELLO - Rose,65.000 TND
BÉBÉ,Bébé s’éveille,Trotteur,Trotteur GIRELLO - Rose,65.000 TND
BÉBÉ,Bébé s’éveille,Trotteur,Trotteur CASA - Bleu,65.000 TND
BÉBÉ,Bébé s’éveille,Trotteur,Trotteur CASA - Bleu,65.000 TND
BÉBÉ,Bébé s’éveille,Trotteur,Trotteur CASA - Rouge,69.000 TND
BÉBÉ,Bébé s’éveille,Trotteur,Trotteur CASA - Rouge,69.000 TND
BÉBÉ,Bébé s’éveille,Trotteur,Trotteur PRIMA Baby Fun Musical - Rouge,69.000 TND
BÉBÉ,Bébé s’éveille,Trotteur,Trotteur PRIMA Baby Fun Musical - Rouge,69.000 TND
BÉBÉ,Bébé s’éveille,Trotteur,Trotteur PRIMA Baby Fun Musical - Bleu & Vert,79.000 TND
BÉBÉ,Bébé s’éveille,Trotteur,Trotteur PRIMA Baby Fun Musical - Bleu & Vert,79.000 TND
BÉBÉ,Bébé s’éveille,Trotteur,Trotteur PRIMA Baby Fun Musical - Rose,79.000 TND
BÉBÉ,Bébé s’éveille,Trotteur,Trotteur PRIMA Baby Fun Musical - Rose,79.000 TND
BÉBÉ,Bébé s’éveille,Trotteur,Trotteur PRIMA Baby Fun Musical - Vert & Jaune,79.000 TND
BÉBÉ,Bébé s’éveille,Trotteur,Trotteur PRIMA Baby Fun Musical - Vert & Jaune,79.000 TND
BÉBÉ,Bébé mange,Chaise haute,Chaise Haute PRIMA Lunch Time - Turquoise,279.000 TND
BÉBÉ,Bébé mange,Chaise haute,Chaise Haute PRIMA Lunch Time - Turquoise,279.000 TND
BÉBÉ,Bébé mange,Chaise haute,Chaise Haute CAM Pappananna - Beige,415.000 TND
BÉBÉ,Bébé mange,Chaise haute,Chaise Haute CAM Pappananna - Beige,415.000 TND
BÉBÉ,Bébé mange,Chaise haute,Chaise Haute CAM Pappananna Teddy G,459.000 TND
BÉBÉ,Bébé mange,Chaise haute,Chaise Haute CAM Pappananna Teddy G,459.000 TND
BÉBÉ,Bébé mange,Chaise haute,Chaise Haute CAM Pappananna Mostriciattoli ,459.000 TND
BÉBÉ,Bébé mange,Chaise haute,Chaise Haute CAM Pappananna Mostriciattoli ,459.000 TND
BÉBÉ,Bébé mange,Chaise haute,Chaise Haute CAM Pappananna Teddy B,459.000 TND
BÉBÉ,Bébé mange,Chaise haute,Chaise Haute CAM Pappananna Teddy B,459.000 TND
BÉBÉ,Bébé mange,Chaise haute,Chaise haute BREVI Convivio Princesse ,479.000 TND
BÉBÉ,Bébé mange,Chaise haute,Chaise haute BREVI Convivio Princesse ,499.000 TND
BÉBÉ,Bébé mange,Chaise haute,Chaise Haute ASALVO Chef Zeppelin - Gris(AV16461),479.000 TND
BÉBÉ,Bébé mange,Chaise haute,Chaise Haute ASALVO Chef Zeppelin - Gris(AV16461),499.000 TND
BÉBÉ,Bébé mange,Chaise haute,Chaise Haute CAM GUSTO - Grege (CAMS2500C246),499.000 TND
BÉBÉ,Bébé mange,Chaise haute,Chaise Haute CAM GUSTO - Grege (CAMS2500C246),499.000 TND
BÉBÉ,Bébé mange,Chaise haute,Chaise haute BREVI B.Fun princesse antibactérienne,545.000 TND
BÉBÉ,Bébé mange,Chaise haute,Chaise haute BREVI B.Fun princesse antibactérienne,645.000 TND
BÉBÉ,Bébé mange,Chaise haute,Chaise Haute CAM Original 4IN1 - Gris,545.000 TND
BÉBÉ,Bébé mange,Chaise haute,Chaise Haute CAM Original 4IN1 - Gris,645.000 TND
BÉBÉ,Bébé dort,Coussin Bébé,Coussin d'allaitement Et De Soutien MYCEY Moyen - Rose,85.000 TND
BÉBÉ,Bébé dort,Coussin Bébé,Coussin d'allaitement Et De Soutien MYCEY Moyen - Rose,85.000 TND
BÉBÉ,Bébé dort,Coussin Bébé,Coussin d'allaitement Et De Soutien MYCEY Moyen - Bleu,85.000 TND
BÉBÉ,Bébé dort,Coussin Bébé,Coussin d'allaitement Et De Soutien MYCEY Moyen - Bleu,85.000 TND
BÉBÉ,Bébé dort,Coussin Bébé,Coussin Bébé MYCEY Multi-Fonction ,89.000 TND
BÉBÉ,Bébé dort,Coussin Bébé,Coussin Bébé MYCEY Multi-Fonction ,89.000 TND
BÉBÉ,Bébé dort,Matelas Bébé,Matelas Pliant 120 X 60CM Avec Epaisseur de 7CM,99.000 TND
BÉBÉ,Bébé dort,Matelas Bébé,Matelas Pliant 120 X 60CM Avec Epaisseur de 7CM,99.000 TND
BÉBÉ,Bébé dort,Matelas Bébé,Matelas En Mousse 120 X 60CM épaisseur 8CM,105.000 TND
BÉBÉ,Bébé dort,Matelas Bébé,Matelas En Mousse 120 X 60CM épaisseur 8CM,105.000 TND
BÉBÉ,Bébé dort,Matelas Bébé,Matelas En Mousse 120 X 60CM épaisseur 10CM,115.000 TND
BÉBÉ,Bébé dort,Matelas Bébé,Matelas En Mousse 120 X 60CM épaisseur 10CM,115.000 TND
BÉBÉ,Bébé mange,Bavoir,Bavoir Bébé MYCEY Antitache - Baleine,15.000 TND
BÉBÉ,Bébé mange,Bavoir,Bavoir Bébé MYCEY Antitache - Baleine,25.000 TND
BÉBÉ,Bébé mange,Bavoir,Bavoir Bébé MYCEY Animal Print Bibs - Pinkbear,15.000 TND
BÉBÉ,Bébé mange,Bavoir,Bavoir Bébé MYCEY Animal Print Bibs - Pinkbear,25.000 TND
BÉBÉ,Bébé mange,Bavoir,Bavoir Antitache MYCEY Avec Poche Grande Taille - Blanc & Bleu,15.000 TND
BÉBÉ,Bébé mange,Bavoir,Bavoir Antitache MYCEY Avec Poche Grande Taille - Blanc & Bleu,25.000 TND
BÉBÉ,Bébé mange,Bavoir,Bavoir Antitache MYCEY Avec Poche Grande Taille - Blanc & Rose,15.000 TND
BÉBÉ,Bébé mange,Bavoir,Bavoir Antitache MYCEY Avec Poche Grande Taille - Blanc & Rose,25.000 TND
BÉBÉ,Bébé mange,Bavoir,Bavoir Bandana MYCEY Avec Anneau Dentaire - Blanc,15.900 TND
BÉBÉ,Bébé mange,Bavoir,Bavoir Bandana MYCEY Avec Anneau Dentaire - Blanc,15.900 TND
BÉBÉ,Bébé mange,Bavoir,Bavoir Bandana MYCEY Avec Anneau Dentaire - Bleu,15.900 TND
BÉBÉ,Bébé mange,Bavoir,Bavoir Bandana MYCEY Avec Anneau Dentaire - Bleu,15.900 TND
BÉBÉ,Bébé mange,Bavoir,Bavoir MYCEY Manches Longues ,15.900 TND
BÉBÉ,Bébé mange,Bavoir,Bavoir MYCEY Manches Longues ,15.900 TND
BÉBÉ,Bébé mange,Biberon et Accessoires,Biberon SWEET BABY EN PP 2 ANSES 250ML ,12.900 TND
BÉBÉ,Bébé mange,Biberon et Accessoires,Biberon SWEET BABY EN PP 2 ANSES 250ML ,12.900 TND
BÉBÉ,Bébé mange,Biberon et Accessoires,Biberon SWEET BABY à Col Large En PP 150 ml,12.900 TND
BÉBÉ,Bébé mange,Biberon et Accessoires,Biberon SWEET BABY à Col Large En PP 150 ml,12.900 TND
BÉBÉ,Bébé mange,Biberon et Accessoires,Biberon SWEET BABY En PP 2 Anses Large 250ML ,13.900 TND
BÉBÉ,Bébé mange,Biberon et Accessoires,Biberon SWEET BABY En PP 2 Anses Large 250ML ,13.900 TND
BÉBÉ,Bébé mange,Biberon et Accessoires,Doseur De Lait En Poudre MYCEY TCM06060 - Bleu,15.000 TND
BÉBÉ,Bébé mange,Biberon et Accessoires,Doseur De Lait En Poudre MYCEY TCM06060 - Bleu,25.000 TND
BÉBÉ,Bébé mange,Biberon et Accessoires,Doseur De Lait En Poudre MYCEY TCM06061 - Rose,15.000 TND
BÉBÉ,Bébé mange,Biberon et Accessoires,Doseur De Lait En Poudre MYCEY TCM06061 - Rose,25.000 TND
BÉBÉ,Bébé mange,Biberon et Accessoires,Biberon-Bottle Natural AVENT 60ml 0M+ - Transparent,15.000 TND
BÉBÉ,Bébé mange,Biberon et Accessoires,Biberon-Bottle Natural AVENT 60ml 0M+ - Transparent,25.000 TND
BÉBÉ,Bébé mange,Biberon et Accessoires,Biberon-Bottle Natural AVENT 260ml 0M+ - Transparent,15.000 TND
BÉBÉ,Bébé mange,Biberon et Accessoires,Biberon-Bottle Natural AVENT 260ml 0M+ - Transparent,25.000 TND
BÉBÉ,Bébé mange,Biberon et Accessoires,Biberon-Bottle Natural AVENT 240ml 1M+ - Transparent,29.000 TND
BÉBÉ,Bébé mange,Biberon et Accessoires,Biberon-Bottle Natural AVENT 240ml 1M+ - Transparent,39.000 TND
BÉBÉ,Bébé mange,Biberon et Accessoires,Biberon Anti-coliques AVENT 330ml 0M+ - Transparent,29.000 TND
BÉBÉ,Bébé mange,Biberon et Accessoires,Biberon Anti-coliques AVENT 330ml 0M+ - Transparent,39.000 TND
BÉBÉ,Bébé s’éveille,Jouets bébé,Pack Pour Bébé Anneau Dentaire + Figure Cloche + Anneau Biberon ,25.000 TND
BÉBÉ,Bébé s’éveille,Jouets bébé,Pack Pour Bébé Anneau Dentaire + Figure Cloche + Anneau Biberon ,45.000 TND
BÉBÉ,Bébé s’éveille,Jouets bébé,Hochet Pour Bébé 9938,25.000 TND
BÉBÉ,Bébé s’éveille,Jouets bébé,Hochet Pour Bébé 9938,45.000 TND
BÉBÉ,Bébé s’éveille,Jouets bébé,Jouet Musical de Petit Chat Pour 1re âge - Bleu,29.000 TND
BÉBÉ,Bébé s’éveille,Jouets bébé,Jouet Musical de Petit Chat Pour 1re âge - Bleu,39.000 TND
BÉBÉ,Bébé s’éveille,Jouets bébé,Boule De Billard PILSAN En Filet 100 pièces (06411P),29.000 TND
BÉBÉ,Bébé s’éveille,Jouets bébé,Boule De Billard PILSAN En Filet 100 pièces (06411P),39.000 TND
BÉBÉ,Bébé s’éveille,Jouets bébé,Tapis De Jardin Pour Enfants 120x180CM ,29.000 TND
BÉBÉ,Bébé s’éveille,Jouets bébé,Tapis De Jardin Pour Enfants 120x180CM ,29.000 TND
BÉBÉ,Bébé s’éveille,Jouets bébé,Malette de Hochet Baby Toys Pour les bébés de Première Âge,35.000 TND
BÉBÉ,Bébé s’éveille,Jouets bébé,Malette de Hochet Baby Toys Pour les bébés de Première Âge,39.000 TND
BÉBÉ,Bébé s’éveille,Jouets bébé,Tapis De Jardin Pour Enfants 150x180x1CM ,35.000 TND
BÉBÉ,Bébé s’éveille,Jouets bébé,Tapis De Jardin Pour Enfants 150x180x1CM ,39.000 TND
BÉBÉ,Bébé s’éveille,Jouets bébé,Hochet Bébé VTECH Léo Petit Lion,39.000 TND
BÉBÉ,Bébé s’éveille,Jouets bébé,Hochet Bébé VTECH Léo Petit Lion,39.000 TND
BÉBÉ,Bébé s’éveille,Jouets bébé,Hochet Bébé VTECH Petit Pingouin ,45.000 TND
BÉBÉ,Bébé s’éveille,Jouets bébé,Hochet Bébé VTECH Petit Pingouin ,55.000 TND
BÉBÉ,Bébé s’éveille,Jouets bébé,Petit Poisson à Chansons VTECH Pour Bain de Bébé - Orange,45.000 TND
BÉBÉ,Bébé s’éveille,Jouets bébé,Petit Poisson à Chansons VTECH Pour Bain de Bébé - Orange,55.000 TND
BÉBÉ,Bébé se promène,Porte Bébé,Porte Bébé Echarpe MYCEY - Bleu,55.000 TND
BÉBÉ,Bébé se promène,Porte Bébé,Porte Bébé Echarpe MYCEY - Bleu,79.000 TND
BÉBÉ,Bébé se promène,Porte Bébé,Porte Bébé SAFETY 1St Mimoso - Noir Chic,55.000 TND
BÉBÉ,Bébé se promène,Porte Bébé,Porte Bébé SAFETY 1St Mimoso - Noir Chic,79.000 TND
BÉBÉ,Bébé se promène,Porte Bébé,Porte Bébé SAFETY 1St Mimoso - Rouge Chic,105.000 TND
BÉBÉ,Bébé se promène,Porte Bébé,Porte Bébé SAFETY 1St Mimoso - Rouge Chic,135.000 TND
BÉBÉ,Bébé se promène,Porte Bébé,Porte Bébé ASALVO - Ventral Noir,105.000 TND
BÉBÉ,Bébé se promène,Porte Bébé,Porte Bébé ASALVO - Ventral Noir,135.000 TND
BÉBÉ,Bébé se promène,Porte Bébé,Porte Bébé ASALVO - Ventral Bleu,105.000 TND
BÉBÉ,Bébé se promène,Porte Bébé,Porte Bébé ASALVO - Ventral Bleu,135.000 TND
BÉBÉ,Bébé se promène,Porte Bébé,Porte Bébé ASALVO - Ventral Gris,105.000 TND
BÉBÉ,Bébé se promène,Porte Bébé,Porte Bébé ASALVO - Ventral Gris,135.000 TND
BÉBÉ,Bébé se promène,Sac à langer,Sac à Langer Baby BAG21-B-C Bleu Claire,35.000 TND
BÉBÉ,Bébé se promène,Sac à langer,Sac à Langer Baby BAG21-B-C Bleu Claire,35.000 TND
BÉBÉ,Bébé se promène,Sac à langer,Sac à Langer Baby BAG21-RS Rose,35.000 TND
BÉBÉ,Bébé se promène,Sac à langer,Sac à Langer Baby BAG21-RS Rose,35.000 TND
BÉBÉ,Bébé se promène,Sac à langer,Sac Maman BABY KINGDOM 5 Pièces - Rose,59.000 TND
BÉBÉ,Bébé se promène,Sac à langer,Sac Maman BABY KINGDOM 5 Pièces - Rose,59.000 TND
BÉBÉ,Bébé se promène,Sac à langer,Sac Maman 5 Pièces Taupe,59.000 TND
BÉBÉ,Bébé se promène,Sac à langer,Sac Maman 5 Pièces Taupe,59.000 TND
BÉBÉ,Bébé se promène,Sac à langer,Sac Maman BABY KINGDOM 5 Pièces - Bleu,59.000 TND
BÉBÉ,Bébé se promène,Sac à langer,Sac Maman BABY KINGDOM 5 Pièces - Bleu,59.000 TND
BÉBÉ,Bébé se promène,Sac à langer,Sac À Dos Maman Et Bébé Vert D'eau,189.000 TND
BÉBÉ,Bébé se promène,Sac à langer,Sac À Dos Maman Et Bébé Vert D'eau,219.000 TND
BÉBÉ,Bébé se promène,Sac à langer,Sac À Dos Pour Maman & Bébé - Gris,189.000 TND
BÉBÉ,Bébé se promène,Sac à langer,Sac À Dos Pour Maman & Bébé - Gris,219.000 TND
BÉBÉ,Bébé se promène,Poussette, Poussette PRIMA Smart - Rouge,159.000 TND
BÉBÉ,Bébé se promène,Poussette, Poussette PRIMA Smart - Rouge,199.000 TND
BÉBÉ,Bébé se promène,Poussette,Poussette PRIMA Smart - Bleu,159.000 TND
BÉBÉ,Bébé se promène,Poussette,Poussette PRIMA Smart - Bleu,199.000 TND
BÉBÉ,Bébé se promène,Poussette,Poussette PRIMA Smart - Grège,159.000 TND
BÉBÉ,Bébé se promène,Poussette,Poussette PRIMA Smart - Grège,199.000 TND
BÉBÉ,Bébé se promène,Poussette,Poussette PRIMA Smart - Gris,159.000 TND
BÉBÉ,Bébé se promène,Poussette,Poussette PRIMA Smart - Gris,199.000 TND
BÉBÉ,Bébé se promène,Poussette,Poussette PRIMA Galaxy PST012 - Bleu,159.000 TND
BÉBÉ,Bébé se promène,Poussette,Poussette PRIMA Galaxy PST012 - Bleu,199.000 TND
BÉBÉ,Bébé se promène,Poussette,Poussette PRIMA Galaxy PST012 - Rouge,159.000 TND
BÉBÉ,Bébé se promène,Poussette,Poussette PRIMA Galaxy PST012 - Rouge,199.000 TND
BÉBÉ,Bébé se promène,Poussette,Poussette PRIMA Galaxy PST012 - Gris,159.000 TND
BÉBÉ,Bébé se promène,Poussette,Poussette PRIMA Galaxy PST012 - Gris,199.000 TND
BÉBÉ,Bébé se promène,Poussette,Poussette PRIMA Galaxy PST012 - Grège,159.000 TND
BÉBÉ,Bébé se promène,Poussette,Poussette PRIMA Galaxy PST012 - Grège,199.000 TND
BÉBÉ,Bébé se promène,Poussette,Poussette Bébé ALDEBA - Bleu (128309059836),199.000 TND
BÉBÉ,Bébé se promène,Poussette,Poussette Bébé ALDEBA - Bleu (128309059836),199.000 TND
BÉBÉ,Bébé se promène,Poussette,Poussette Bébé ALDEBA 8028 - Violet (128309059837),199.000 TND
BÉBÉ,Bébé se promène,Poussette,Poussette Bébé ALDEBA 8028 - Violet (128309059837),199.000 TND
BÉBÉ,Bébé se promène,Siège Auto,Siège Auto PRIMA Rehausseur PR025 - Rouge,39.000 TND
BÉBÉ,Bébé se promène,Siège Auto,Siège Auto PRIMA Rehausseur PR025 - Rouge,59.000 TND
BÉBÉ,Bébé se promène,Siège Auto,Siège Auto PRIMA Rehausseur PR025 - Grège ,39.000 TND
BÉBÉ,Bébé se promène,Siège Auto,Siège Auto PRIMA Rehausseur PR025 - Grège ,59.000 TND
BÉBÉ,Bébé se promène,Siège Auto,Siège Auto PRIMA Rehausseur PR025 - Gris,39.000 TND
BÉBÉ,Bébé se promène,Siège Auto,Siège Auto PRIMA Rehausseur PR025 - Gris,59.000 TND
BÉBÉ,Bébé se promène,Siège Auto,Siège Auto NANIA - Noir & Bleu,39.000 TND
BÉBÉ,Bébé se promène,Siège Auto,Siège Auto NANIA - Noir & Bleu,59.000 TND
BÉBÉ,Bébé se promène,Siège Auto,Siège Auto PRIMA Bye Bye BB091 - Grège,39.000 TND
BÉBÉ,Bébé se promène,Siège Auto,Siège Auto PRIMA Bye Bye BB091 - Grège,59.000 TND
BÉBÉ,Bébé se promène,Siège Auto,Siège Auto PRIMA Bye Bye - Rose,39.000 TND
BÉBÉ,Bébé se promène,Siège Auto,Siège Auto PRIMA Bye Bye - Rose,59.000 TND
BÉBÉ,Bébé se promène,Siège Auto,Siège Auto PRIMA Bye Bye BB091 - Bleu,55.000 TND
BÉBÉ,Bébé se promène,Siège Auto,Siège Auto PRIMA Bye Bye BB091 - Bleu,75.000 TND
BÉBÉ,Bébé se promène,Siège Auto,Siège Auto PRIMA Travel BB090 - Rose,55.000 TND
BÉBÉ,Bébé se promène,Siège Auto,Siège Auto PRIMA Travel BB090 - Rose,75.000 TND
BÉBÉ,Bébé se promène,Siège Auto,Siège Auto PRIMA Travel BB090 - Grège ,99.000 TND
BÉBÉ,Bébé se promène,Siège Auto,Siège Auto PRIMA Travel BB090 - Grège ,99.000 TND
BÉBÉ,Bébé se promène,Siège Auto,Siège Auto PRIMA Travel BB090 - Gris,99.000 TND
BÉBÉ,Bébé se promène,Siège Auto,Siège Auto PRIMA Travel BB090 - Gris,99.000 TND
BÉBÉ,Bébé s’éveille,Parc Bébé,Parc Lit PRIMA Lindo - Gris,329.000 TND
BÉBÉ,Bébé s’éveille,Parc Bébé,Parc Lit PRIMA Lindo - Gris,389.000 TND
BÉBÉ,Bébé s’éveille,Parc Bébé,Parc Lit PRIMA Lindo - Bleu,329.000 TND
BÉBÉ,Bébé s’éveille,Parc Bébé,Parc Lit PRIMA Lindo - Bleu,389.000 TND
BÉBÉ,Bébé s’éveille,Parc Bébé,Parc Lit PRIMA Lindo - Beige,329.000 TND
BÉBÉ,Bébé s’éveille,Parc Bébé,Parc Lit PRIMA Lindo - Beige,389.000 TND
BÉBÉ,Bébé s’éveille,Parc Bébé,Parc CAM Brevettato Millegiochi - Gris Clair,329.000 TND
BÉBÉ,Bébé s’éveille,Parc Bébé,Parc CAM Brevettato Millegiochi - Gris Clair,389.000 TND
BÉBÉ,Bébé s’éveille,Parc Bébé,Parc CAM Brevettato Millegiochi - Beige,329.000 TND
BÉBÉ,Bébé s’éveille,Parc Bébé,Parc CAM Brevettato Millegiochi - Beige,389.000 TND
BÉBÉ,Bébé s’éveille,Parc Bébé, Parc CAM Brevettato Millegiochi - Teddy Bleu,329.000 TND
BÉBÉ,Bébé s’éveille,Parc Bébé, Parc CAM Brevettato Millegiochi - Teddy Bleu,389.000 TND
BÉBÉ,Bébé s’éveille,Parc Bébé,Parc CAM Brevettato Millegiochi - Teddy Gris,529.000 TND
BÉBÉ,Bébé s’éveille,Parc Bébé,Parc CAM Brevettato Millegiochi - Teddy Gris,529.000 TND
BÉBÉ,Bébé s’éveille,Trotteur,Aide à La Marche Pour Bébé YOULEEN 2306 - Bleu & Blanc,115.000 TND
BÉBÉ,Bébé s’éveille,Trotteur,Aide à La Marche Pour Bébé YOULEEN 2306 - Bleu & Blanc,145.000 TND
BÉBÉ,Bébé s’éveille,Trotteur,Trotteur Bébé Musical 1411I,115.000 TND
BÉBÉ,Bébé s’éveille,Trotteur,Trotteur Bébé Musical 1411I,145.000 TND
BÉBÉ,Bébé s’éveille,Trotteur,Aide à La Marche PILSAN Pour Bébé - Rose,119.000 TND
BÉBÉ,Bébé s’éveille,Trotteur,Aide à La Marche PILSAN Pour Bébé - Rose,139.000 TND
BÉBÉ,Bébé s’éveille,Trotteur,Aide à La Marche Pour Bébé 91158,119.000 TND
BÉBÉ,Bébé s’éveille,Trotteur,Aide à La Marche Pour Bébé 91158,139.000 TND
BÉBÉ,Bébé s’éveille,Trotteur,Aide à La Marche LEARNING WALKER Pour Bébé,129.000 TND
BÉBÉ,Bébé s’éveille,Trotteur,Aide à La Marche LEARNING WALKER Pour Bébé,199.000 TND
BÉBÉ,Bébé s’éveille,Trotteur,Aide à La Marche 2en1 Pour Bébé - Assortis (QX57E),129.000 TND
BÉBÉ,Bébé s’éveille,Trotteur,Aide à La Marche 2en1 Pour Bébé - Assortis (QX57E),199.000 TND
BÉBÉ,Bébé s’éveille,Trotteur,Trotteur PRIMA Pousseur 2EN1 - Rouge & Jaune,135.000 TND
BÉBÉ,Bébé s’éveille,Trotteur,Trotteur PRIMA Pousseur 2EN1 - Rouge & Jaune,165.000 TND
BÉBÉ,Bébé s’éveille,Trotteur,Aide à La Marche 2en1 Pour Bébé - Assortis,135.000 TND
BÉBÉ,Bébé s’éveille,Trotteur,Aide à La Marche 2en1 Pour Bébé - Assortis,165.000 TND
BÉBÉ,Bébé se promène,Poussette,Poussette Bébé ALDEBA 8028 - Gris (128309059838),199.000 TND
BÉBÉ,Bébé se promène,Poussette,Poussette Bébé ALDEBA 8028 - Gris (128309059838),279.000 TND
BÉBÉ,Bébé se promène,Poussette,Poussette PRIMA Little Tikes - Rouge & Gris ,199.000 TND
BÉBÉ,Bébé se promène,Poussette,Poussette PRIMA Little Tikes - Rouge & Gris ,279.000 TND
BÉBÉ,Bébé se promène,Poussette,Poussette POLO Team Tex - Noir,229.000 TND
BÉBÉ,Bébé se promène,Poussette,Poussette POLO Team Tex - Noir,259.000 TND
BÉBÉ,Bébé se promène,Poussette,Poussette SHENMA réversible - Gris,229.000 TND
BÉBÉ,Bébé se promène,Poussette,Poussette SHENMA réversible - Gris,259.000 TND
BÉBÉ,Bébé se promène,Poussette,Poussette BABY JOY 1801 - Bleu,235.000 TND
BÉBÉ,Bébé se promène,Poussette,Poussette BABY JOY 1801 - Bleu,255.000 TND
BÉBÉ,Bébé se promène,Poussette,Poussette jumeaux PRIMA - Noir,235.000 TND
BÉBÉ,Bébé se promène,Poussette,Poussette jumeaux PRIMA - Noir,255.000 TND
BÉBÉ,Bébé se promène,Poussette,Poussette PRIMA réversible Citadine - Beige,289.000 TND
BÉBÉ,Bébé se promène,Poussette,Poussette PRIMA réversible Citadine - Beige,349.000 TND
BÉBÉ,Bébé se promène,Poussette,Poussette PRIMA réversible et rétractable Duo EVO 2en1 - Rouge,289.000 TND
BÉBÉ,Bébé se promène,Poussette,Poussette PRIMA réversible et rétractable Duo EVO 2en1 - Rouge,349.000 TND
BÉBÉ,Bébé se promène,Poussette,Poussette PRIMA Duo Evo - Beige,299.000 TND
BÉBÉ,Bébé se promène,Poussette,Poussette PRIMA Duo Evo - Beige,349.000 TND
BÉBÉ,Bébé se promène,Poussette,Poussette PRIMA réversible et rétractable Duo EVO 2en1 - Gris,299.000 TND
BÉBÉ,Bébé se promène,Poussette,Poussette PRIMA réversible et rétractable Duo EVO 2en1 - Gris,349.000 TND
BÉBÉ,Bébé s’éveille,Jouets bébé,Table D'activité Pour Enfant,95.000 TND
BÉBÉ,Bébé s’éveille,Jouets bébé,Table D'activité Pour Enfant,95.000 TND
BÉBÉ,Bébé s’éveille,Jouets bébé,Hochet Bébé VTECH Joséphine Câline,115.000 TND
BÉBÉ,Bébé s’éveille,Jouets bébé,Hochet Bébé VTECH Joséphine Câline,115.000 TND
BÉBÉ,Bébé s’éveille,Jouets bébé,Aide à La Marche Pour Bébé YOULEEN 2306 - Bleu & Blanc,115.000 TND
BÉBÉ,Bébé s’éveille,Jouets bébé,Aide à La Marche Pour Bébé YOULEEN 2306 - Bleu & Blanc,145.000 TND
BÉBÉ,Bébé s’éveille,Jouets bébé,Balle d'éveil VTECH MAGI des P'tits copains,115.000 TND
BÉBÉ,Bébé s’éveille,Jouets bébé,Balle d'éveil VTECH MAGI des P'tits copains,145.000 TND
BÉBÉ,Bébé s’éveille,Jouets bébé,Jouet Musical VTECH "Noa compte avec moi",125.000 TND
BÉBÉ,Bébé s’éveille,Jouets bébé,Jouet Musical VTECH "Noa compte avec moi",125.000 TND
BÉBÉ,Bébé s’éveille,Jouets bébé,Aide à La Marche PILSAN Pour Bébé - Rose,125.000 TND
BÉBÉ,Bébé s’éveille,Jouets bébé,Aide à La Marche PILSAN Pour Bébé - Rose,125.000 TND
BÉBÉ,Bébé s’éveille,Jouets bébé,Aide à La Marche LEARNING WALKER Pour Bébé,129.000 TND
BÉBÉ,Bébé s’éveille,Jouets bébé,Aide à La Marche LEARNING WALKER Pour Bébé,199.000 TND
BÉBÉ,Bébé se promène,Siège Auto,Siège Auto PRIMA Travel BB090 - Bleu,135.000 TND
BÉBÉ,Bébé se promène,Siège Auto,Siège Auto PRIMA Travel BB090 - Bleu,135.000 TND
BÉBÉ,Bébé se promène,Siège Auto,Siège Auto PRIMA Brava - Rose,235.000 TND
BÉBÉ,Bébé se promène,Siège Auto,Siège Auto PRIMA Brava - Rose,255.000 TND
BÉBÉ,Bébé se promène,Siège Auto,Siège auto BREVI Adon Group 0+ - Bleu Marine,235.000 TND
BÉBÉ,Bébé se promène,Siège Auto,Siège auto BREVI Adon Group 0+ - Bleu Marine,255.000 TND
BÉBÉ,Bébé se promène,Siège Auto,Siège auto BREVI Adon Group 0+ - Rouge,385.000 TND
BÉBÉ,Bébé se promène,Siège Auto,Siège auto BREVI Adon Group 0+ - Rouge,429.000 TND
BÉBÉ,Bébé se promène,Siège Auto,Siège Auto CAM Area Zero - Bleu&Gris,385.000 TND
BÉBÉ,Bébé se promène,Siège Auto,Siège Auto CAM Area Zero - Bleu&Gris,429.000 TND
BÉBÉ,Bébé se promène,Siège Auto,Siège Auto CAM Area Zero - Grège,385.000 TND
BÉBÉ,Bébé se promène,Siège Auto,Siège Auto CAM Area Zero - Grège,429.000 TND
BÉBÉ,Bébé se promène,Siège Auto,Siège Auto CAM Combiné - Gris,385.000 TND
BÉBÉ,Bébé se promène,Siège Auto,Siège Auto CAM Combiné - Gris,429.000 TND
BÉBÉ,Bébé se promène,Siège Auto,Siège Auto CAM Combiné - Noir,399.000 TND
BÉBÉ,Bébé se promène,Siège Auto,Siège Auto CAM Combiné - Noir,399.000 TND
BÉBÉ,Bébé se promène,Siège Auto,Siège Auto CAM Combiné ,399.000 TND
BÉBÉ,Bébé se promène,Siège Auto,Siège Auto CAM Combiné ,399.000 TND
BÉBÉ,Bébé se promène,Poussette,Poussette PRIMA Hyper Confort + Siège auto Nouveau-né - Rose,769.000 TND
BÉBÉ,Bébé se promène,Poussette,Poussette PRIMA Hyper Confort + Siège auto Nouveau-né - Rose,819.000 TND
BÉBÉ,Bébé se promène,Poussette,Poussette CAM Fluido Allegria - Gris ,769.000 TND
BÉBÉ,Bébé se promène,Poussette,Poussette CAM Fluido Allegria - Gris ,819.000 TND
BÉBÉ,Bébé se promène,Poussette,Poussette CAM Fluido Allegria - Grége,929.000 TND
BÉBÉ,Bébé se promène,Poussette,Poussette CAM Fluido Allegria - Grége,929.000 TND
BÉBÉ,Bébé se promène,Poussette,Poussette CAM Combi Tris Stella Tortora - Grège,935.000 TND
BÉBÉ,Bébé se promène,Poussette,Poussette CAM Combi Tris Stella Tortora - Grège,1 039.000 TND
BÉBÉ,Bébé se promène,Poussette,Poussette CAM Combi Tris Stella Tortora - Gris,935.000 TND
BÉBÉ,Bébé se promène,Poussette,Poussette CAM Combi Tris Stella Tortora - Gris,1 039.000 TND
