MOTO | SPORTS & LOISIRS,Sport d'eau & Nautisme,Moteur de Bateau,Moteur Bateau TOHATSU HORS BORD 2 Temps 18 CV,9 349.000 TND
MOTO | SPORTS & LOISIRS,Sport d'eau & Nautisme,Moteur de Bateau,Moteur Bateau TOHATSU HORS BORD 2 Temps 18 CV,9 349.000 TND
MOTO | SPORTS & LOISIRS,Entretien Et Nettoyant Auto,Accessoires Voiture,Arbre Magique SUN FRESH Hello Kitty,2.900 TND
MOTO | SPORTS & LOISIRS,Entretien Et Nettoyant Auto,Accessoires Voiture,Arbre Magique SUN FRESH Hello Kitty,2.900 TND
MOTO | SPORTS & LOISIRS,Entretien Et Nettoyant Auto,Accessoires Voiture,Arbre Magique SUN FRESH Vert,2.900 TND
MOTO | SPORTS & LOISIRS,Entretien Et Nettoyant Auto,Accessoires Voiture,Arbre Magique SUN FRESH Vert,2.900 TND
MOTO | SPORTS & LOISIRS,Entretien Et Nettoyant Auto,Accessoires Voiture,Etui Papiers Auto OFFICEPLAST,3.900 TND
MOTO | SPORTS & LOISIRS,Entretien Et Nettoyant Auto,Accessoires Voiture,Etui Papiers Auto OFFICEPLAST,3.900 TND
MOTO | SPORTS & LOISIRS,Entretien Et Nettoyant Auto,Accessoires Voiture,Coque de Protection Silicone Pour Clé de Voiture AUDI,4.900 TND
MOTO | SPORTS & LOISIRS,Entretien Et Nettoyant Auto,Accessoires Voiture,Coque de Protection Silicone Pour Clé de Voiture AUDI,6.000 TND
MOTO | SPORTS & LOISIRS,Entretien Et Nettoyant Auto,Accessoires Voiture,Coque de Protection Silicone Pour Clé de Voiture PORSCHE,4.900 TND
MOTO | SPORTS & LOISIRS,Entretien Et Nettoyant Auto,Accessoires Voiture,Coque de Protection Silicone Pour Clé de Voiture PORSCHE,6.000 TND
MOTO | SPORTS & LOISIRS,Entretien Et Nettoyant Auto,Accessoires Voiture,Support De Voiture Universel à Ventouse - Noir,4.900 TND
MOTO | SPORTS & LOISIRS,Entretien Et Nettoyant Auto,Accessoires Voiture,Support De Voiture Universel à Ventouse - Noir,6.000 TND
MOTO | SPORTS & LOISIRS,Entretien Et Nettoyant Auto,Accessoires Voiture,Support Voiture TOTU DESIGN à Ventouse - Noir,4.900 TND
MOTO | SPORTS & LOISIRS,Entretien Et Nettoyant Auto,Accessoires Voiture,Support Voiture TOTU DESIGN à Ventouse - Noir,6.000 TND
MOTO | SPORTS & LOISIRS,Entretien Et Nettoyant Auto,Accessoires Voiture,Air Fresh Désodorisant SUN FRESH Cuir Pour Voiture 125 ml,5.000 TND
MOTO | SPORTS & LOISIRS,Entretien Et Nettoyant Auto,Accessoires Voiture,Air Fresh Désodorisant SUN FRESH Cuir Pour Voiture 125 ml,5.000 TND
MOTO | SPORTS & LOISIRS,Entretien Et Nettoyant Auto,Accessoires Voiture,Air Fresh Désodorisant SUN FRESH Citron Pour Voiture 125 ml,8.900 TND
MOTO | SPORTS & LOISIRS,Entretien Et Nettoyant Auto,Accessoires Voiture,Air Fresh Désodorisant SUN FRESH Citron Pour Voiture 125 ml,8.900 TND
MOTO | SPORTS & LOISIRS,Entretien Et Nettoyant Auto,Accessoires Voiture,Tapis TNB Taille M Anti-Dérapant Pour Tableau De Bord - Gris,9.900 TND
MOTO | SPORTS & LOISIRS,Entretien Et Nettoyant Auto,Accessoires Voiture,Tapis TNB Taille M Anti-Dérapant Pour Tableau De Bord - Gris,9.900 TND
MOTO | SPORTS & LOISIRS,Entretien Et Nettoyant Auto,Nettoyant Et Lavage,Mousse De Nettoyage Universel HANDBOSS 650ml,7.900 TND
MOTO | SPORTS & LOISIRS,Entretien Et Nettoyant Auto,Nettoyant Et Lavage,Mousse De Nettoyage Universel HANDBOSS 650ml,7.900 TND
MOTO | SPORTS & LOISIRS,Entretien Et Nettoyant Auto,Nettoyant Et Lavage,Nettoyant Silicone KING Love 300ml,10.900 TND
MOTO | SPORTS & LOISIRS,Entretien Et Nettoyant Auto,Nettoyant Et Lavage,Nettoyant Silicone KING Love 300ml,10.900 TND
MOTO | SPORTS & LOISIRS,Entretien Et Nettoyant Auto,Nettoyant Et Lavage,Nettoyant Silicone KING Fraise 500ml,12.900 TND
MOTO | SPORTS & LOISIRS,Entretien Et Nettoyant Auto,Nettoyant Et Lavage,Nettoyant Silicone KING Fraise 500ml,12.900 TND
MOTO | SPORTS & LOISIRS,Entretien Et Nettoyant Auto,Nettoyant Et Lavage,Nettoyant Moteur KING - 500ml,15.000 TND
MOTO | SPORTS & LOISIRS,Entretien Et Nettoyant Auto,Nettoyant Et Lavage,Nettoyant Moteur KING - 500ml,15.000 TND
MOTO | SPORTS & LOISIRS,Entretien Et Nettoyant Auto,Nettoyant Et Lavage,Traitement Injecteur Diesel KING 250 ml,19.000 TND
MOTO | SPORTS & LOISIRS,Entretien Et Nettoyant Auto,Nettoyant Et Lavage,Traitement Injecteur Diesel KING 250 ml,19.000 TND
MOTO | SPORTS & LOISIRS,Entretien Et Nettoyant Auto,Nettoyant Et Lavage,Traitement Injecteur Essence KING - 250 ml,19.000 TND
MOTO | SPORTS & LOISIRS,Entretien Et Nettoyant Auto,Nettoyant Et Lavage,Traitement Injecteur Essence KING - 250 ml,19.000 TND
MOTO | SPORTS & LOISIRS,Entretien Et Nettoyant Auto,Nettoyant Et Lavage,Nettoyant ECO-TEC Clim net,26.900 TND
MOTO | SPORTS & LOISIRS,Entretien Et Nettoyant Auto,Nettoyant Et Lavage,Nettoyant ECO-TEC Clim net,26.900 TND
MOTO | SPORTS & LOISIRS,Entretien Et Nettoyant Auto,Nettoyant Et Lavage,Laveuse à pression électrique COOFIX CF-CW001 - 1400 watts,269.000 TND
MOTO | SPORTS & LOISIRS,Entretien Et Nettoyant Auto,Nettoyant Et Lavage,Laveuse à pression électrique COOFIX CF-CW001 - 1400 watts,269.000 TND
MOTO | SPORTS & LOISIRS,Entretien Et Nettoyant Auto,Nettoyant Et Lavage,Nettoyeur Haute Pression MAKUTE HPW003 - 1200 Watts,329.000 TND
MOTO | SPORTS & LOISIRS,Entretien Et Nettoyant Auto,Nettoyant Et Lavage,Nettoyeur Haute Pression MAKUTE HPW003 - 1200 Watts,329.000 TND
MOTO | SPORTS & LOISIRS,Randonnée et Camping,Parasol & Tonnelle,Parasol de Plage Multi Couleurs 180cm ,29.900 TND
MOTO | SPORTS & LOISIRS,Randonnée et Camping,Parasol & Tonnelle,Parasol de Plage Multi Couleurs 180cm ,29.900 TND
MOTO | SPORTS & LOISIRS,Randonnée et Camping,Parasol & Tonnelle,Parasol de Plage Multi Couleurs 200cm,43.900 TND
MOTO | SPORTS & LOISIRS,Randonnée et Camping,Parasol & Tonnelle,Parasol de Plage Multi Couleurs 200cm,43.900 TND
MOTO | SPORTS & LOISIRS,Randonnée et Camping,Parasol & Tonnelle,Parasol de Plage Real Madrid Réglable en hauteur 200cm - Blanc&Bleu,43.900 TND
MOTO | SPORTS & LOISIRS,Randonnée et Camping,Parasol & Tonnelle,Parasol de Plage Real Madrid Réglable en hauteur 200cm - Blanc&Bleu,43.900 TND
MOTO | SPORTS & LOISIRS,Randonnée et Camping,Parasol & Tonnelle,Parasol de Plage Barcelone Réglable en hauteur 200cm - Rouge&Bleu,43.900 TND
MOTO | SPORTS & LOISIRS,Randonnée et Camping,Parasol & Tonnelle,Parasol de Plage Barcelone Réglable en hauteur 200cm - Rouge&Bleu,43.900 TND
MOTO | SPORTS & LOISIRS,Randonnée et Camping,Parasol & Tonnelle,Parasol de Plage Double Ressort 270cm - Multi-Couleurs,65.000 TND
MOTO | SPORTS & LOISIRS,Randonnée et Camping,Parasol & Tonnelle,Parasol de Plage Double Ressort 270cm - Multi-Couleurs,65.000 TND
MOTO | SPORTS & LOISIRS,Randonnée et Camping,Parasol & Tonnelle,Parasol de Plage Carré 300cm - Rouge Ou Vert Ou Bleu,99.000 TND
MOTO | SPORTS & LOISIRS,Randonnée et Camping,Parasol & Tonnelle,Parasol de Plage Carré 300cm - Rouge Ou Vert Ou Bleu,99.000 TND
MOTO | SPORTS & LOISIRS,Randonnée et Camping,Lampe Camping,Lampe Frontale LED VELAMP IH510DL 1W,29.000 TND
MOTO | SPORTS & LOISIRS,Randonnée et Camping,Lampe Camping,Lampe Frontale LED VELAMP IH510DL 1W,35.000 TND
MOTO | SPORTS & LOISIRS,Randonnée et Camping,Lampe Camping,Lampe camping XS VARTA - Noir ,29.000 TND
MOTO | SPORTS & LOISIRS,Randonnée et Camping,Lampe Camping,Lampe camping XS VARTA - Noir ,35.000 TND
MOTO | SPORTS & LOISIRS,Randonnée et Camping,Lampe Camping,Lampe frontale 4 Led VARTA Pour Sports Head,32.500 TND
MOTO | SPORTS & LOISIRS,Randonnée et Camping,Lampe Camping,Lampe frontale 4 Led VARTA Pour Sports Head,39.000 TND
MOTO | SPORTS & LOISIRS,Randonnée et Camping,Lampe Camping,Lampe Frontale LED VELAMP IH522 3W - Noir,32.500 TND
MOTO | SPORTS & LOISIRS,Randonnée et Camping,Lampe Camping,Lampe Frontale LED VELAMP IH522 3W - Noir,39.000 TND
MOTO | SPORTS & LOISIRS,Glisse Urbaine,Kit Kart,Kit Kart pour Hoverboard avec roue Orange,169.000 TND
MOTO | SPORTS & LOISIRS,Glisse Urbaine,Kit Kart,Kit Kart pour Hoverboard avec roue Orange,169.000 TND
MOTO | SPORTS & LOISIRS,Glisse Urbaine,Kit Kart,Chaise Hoverbaord avec roue Noir,169.000 TND
MOTO | SPORTS & LOISIRS,Glisse Urbaine,Kit Kart,Chaise Hoverbaord avec roue Noir,169.000 TND
MOTO | SPORTS & LOISIRS,Glisse Urbaine,Trottinette,MOTORCYCLE - Noir,49.000 TND
MOTO | SPORTS & LOISIRS,Glisse Urbaine,Trottinette,MOTORCYCLE - Noir,69.000 TND
MOTO | SPORTS & LOISIRS,Glisse Urbaine,Trottinette,Trottinette RODEO S180 Pour les enfants Plus âgés - Rouge,49.000 TND
MOTO | SPORTS & LOISIRS,Glisse Urbaine,Trottinette,Trottinette RODEO S180 Pour les enfants Plus âgés - Rouge,69.000 TND
MOTO | SPORTS & LOISIRS,Glisse Urbaine,Trottinette,Trottinette FOREVER KIDS00036 Pour Enfants + Montre Connectée KSIX,159.000 TND
MOTO | SPORTS & LOISIRS,Glisse Urbaine,Trottinette,Trottinette FOREVER KIDS00036 Pour Enfants + Montre Connectée KSIX,199.000 TND
MOTO | SPORTS & LOISIRS,Glisse Urbaine,Trottinette,Trottinette RODEO S180 Pour les enfants Plus âgés - Bleu,159.000 TND
MOTO | SPORTS & LOISIRS,Glisse Urbaine,Trottinette,Trottinette RODEO S180 Pour les enfants Plus âgés - Bleu,199.000 TND
MOTO | SPORTS & LOISIRS,Glisse Urbaine,Trottinette,Trottinette FOREVER KIDS00032 Pour Enfants Avec Trois Roues - Rouge,159.000 TND
MOTO | SPORTS & LOISIRS,Glisse Urbaine,Trottinette,Trottinette FOREVER KIDS00032 Pour Enfants Avec Trois Roues - Rouge,199.000 TND
MOTO | SPORTS & LOISIRS,Glisse Urbaine,Trottinette,Trottinette FOREVER KIDS00037 Pour Enfants - Noir,159.000 TND
MOTO | SPORTS & LOISIRS,Glisse Urbaine,Trottinette,Trottinette FOREVER KIDS00037 Pour Enfants - Noir,199.000 TND
MOTO | SPORTS & LOISIRS,Glisse Urbaine,Trottinette,Trottinette Pliable RODEO HD-X8 Pour Enfants Avec Trois Roues - Rouge,159.000 TND
MOTO | SPORTS & LOISIRS,Glisse Urbaine,Trottinette,Trottinette Pliable RODEO HD-X8 Pour Enfants Avec Trois Roues - Rouge,199.000 TND
MOTO | SPORTS & LOISIRS,Glisse Urbaine,Trottinette,Trottinette FOREVER Pour Utilisation Sportive - Jaune + Montre Connectée KSIX,159.000 TND
MOTO | SPORTS & LOISIRS,Glisse Urbaine,Trottinette,Trottinette FOREVER Pour Utilisation Sportive - Jaune + Montre Connectée KSIX,199.000 TND
MOTO | SPORTS & LOISIRS,Glisse Urbaine,Trottinette,Trottinette FOREVER Pour Utilisation Sportive - Bleu Ice + Montre Connectée KSIX,165.000 TND
MOTO | SPORTS & LOISIRS,Glisse Urbaine,Trottinette,Trottinette FOREVER Pour Utilisation Sportive - Bleu Ice + Montre Connectée KSIX,165.000 TND
MOTO | SPORTS & LOISIRS,Glisse Urbaine,Trottinette,Trottinette FOREVER Pour Utilisation Sportive - Bleu Foncé + Montre Connectée KSIX,175.000 TND
MOTO | SPORTS & LOISIRS,Glisse Urbaine,Trottinette,Trottinette FOREVER Pour Utilisation Sportive - Bleu Foncé + Montre Connectée KSIX,175.000 TND
MOTO | SPORTS & LOISIRS,Glisse Urbaine,Hoverboard,Casque de Protection Hama 109892 pour le sport Skateboarding,69.000 TND
MOTO | SPORTS & LOISIRS,Glisse Urbaine,Hoverboard,Casque de Protection Hama 109892 pour le sport Skateboarding,69.000 TND
MOTO | SPORTS & LOISIRS,Glisse Urbaine,Hoverboard,Coque Pour Hoverboard Standard - Noir,99.000 TND
MOTO | SPORTS & LOISIRS,Glisse Urbaine,Hoverboard,Coque Pour Hoverboard Standard - Noir,99.000 TND
MOTO | SPORTS & LOISIRS,Glisse Urbaine,Hoverboard,Chargeur Pour Hoverboard 42V / 2A,119.000 TND
MOTO | SPORTS & LOISIRS,Glisse Urbaine,Hoverboard,Chargeur Pour Hoverboard 42V / 2A,119.000 TND
MOTO | SPORTS & LOISIRS,Bicyclettes,Accessoires vélo,Pompe à vélo Portable RODEO JY-06A-15 - Rouge,5.000 TND
MOTO | SPORTS & LOISIRS,Bicyclettes,Accessoires vélo,Pompe à vélo Portable RODEO JY-06A-15 - Rouge,5.000 TND
MOTO | SPORTS & LOISIRS,Bicyclettes,Accessoires vélo,Pompe à vélo Portable RODEO JY-06A-15 - Noir,5.000 TND
MOTO | SPORTS & LOISIRS,Bicyclettes,Accessoires vélo,Pompe à vélo Portable RODEO JY-06A-15 - Noir,5.000 TND
MOTO | SPORTS & LOISIRS,Bicyclettes,Accessoires vélo,Mini Pompe RODEO Pour Vélo - Noir,6.900 TND
MOTO | SPORTS & LOISIRS,Bicyclettes,Accessoires vélo,Mini Pompe RODEO Pour Vélo - Noir,6.900 TND
MOTO | SPORTS & LOISIRS,Bicyclettes,Accessoires vélo,Câble de Verrouillage RODEO Pour Vélo 86101,8.900 TND
MOTO | SPORTS & LOISIRS,Bicyclettes,Accessoires vélo,Câble de Verrouillage RODEO Pour Vélo 86101,8.900 TND
MOTO | SPORTS & LOISIRS,Bicyclettes,Accessoires vélo,Câble de Verrouillage RODEO Pour Vélo 85101,9.900 TND
MOTO | SPORTS & LOISIRS,Bicyclettes,Accessoires vélo,Câble de Verrouillage RODEO Pour Vélo 85101,9.900 TND
MOTO | SPORTS & LOISIRS,Bicyclettes,Accessoires vélo,Câble de Verrouillage RODEO Pour Vélo 84321 ,9.900 TND
MOTO | SPORTS & LOISIRS,Bicyclettes,Accessoires vélo,Câble de Verrouillage RODEO Pour Vélo 84321 ,9.900 TND
MOTO | SPORTS & LOISIRS,Bicyclettes,Accessoires vélo,Pompe à Pied RODEO avec Affichage de Pression Pour Vélo - Rouge,15.000 TND
MOTO | SPORTS & LOISIRS,Bicyclettes,Accessoires vélo,Pompe à Pied RODEO avec Affichage de Pression Pour Vélo - Rouge,15.000 TND
MOTO | SPORTS & LOISIRS,Bicyclettes,Accessoires vélo,Pompe à Pied RODEO avec Affichage de Pression Pour Vélo - Bleu,15.000 TND
MOTO | SPORTS & LOISIRS,Bicyclettes,Accessoires vélo,Pompe à Pied RODEO avec Affichage de Pression Pour Vélo - Bleu,15.000 TND
MOTO | SPORTS & LOISIRS,Bicyclettes,Accessoires vélo,Pompe à Pied RODEO Pour Vélo - Silver,15.900 TND
MOTO | SPORTS & LOISIRS,Bicyclettes,Accessoires vélo,Pompe à Pied RODEO Pour Vélo - Silver,15.900 TND
MOTO | SPORTS & LOISIRS,Bicyclettes,Accessoires vélo,Câble de Verrouillage RODEO Pour Vélo 81103,19.900 TND
MOTO | SPORTS & LOISIRS,Bicyclettes,Accessoires vélo,Câble de Verrouillage RODEO Pour Vélo 81103,19.900 TND
MOTO | SPORTS & LOISIRS,Bicyclettes,Vélo Pliant,Vélo Pliant WAYSCRALL Sans Porte Bagages - Blanc,449.000 TND
MOTO | SPORTS & LOISIRS,Bicyclettes,Vélo Pliant,Vélo Pliant WAYSCRALL Sans Porte Bagages - Blanc,449.000 TND
MOTO | SPORTS & LOISIRS,Bicyclettes,Vélo Pliant,Vélo Pliant WAYSCRALL Sans Porte Bagages - Noir,449.000 TND
MOTO | SPORTS & LOISIRS,Bicyclettes,Vélo Pliant,Vélo Pliant WAYSCRALL Sans Porte Bagages - Noir,449.000 TND
MOTO | SPORTS & LOISIRS,Bicyclettes,Vélo Pliant,Vélo PLIANT IN-OUT FOLD 1.0 Acier 20\" - Bleu,449.000 TND
MOTO | SPORTS & LOISIRS,Bicyclettes,Vélo Pliant,Vélo PLIANT IN-OUT FOLD 1.0 Acier 20\" - Bleu,499.000 TND
MOTO | SPORTS & LOISIRS,Bicyclettes,Bicyclettes City,Vélo de Ville RODEO 6026-C6V Avec Panier Avant - Noir,449.000 TND
MOTO | SPORTS & LOISIRS,Bicyclettes,Bicyclettes City,Vélo de Ville RODEO 6026-C6V Avec Panier Avant - Noir,499.000 TND
MOTO | SPORTS & LOISIRS,Glisse Urbaine,Trottinette,Trottinette RODEO 3en1 Musical Avec 3 Roues - Jaune,209.000 TND
MOTO | SPORTS & LOISIRS,Glisse Urbaine,Trottinette,Trottinette RODEO 3en1 Musical Avec 3 Roues - Jaune,249.000 TND
MOTO | SPORTS & LOISIRS,Glisse Urbaine,Trottinette,Trottinette RODEO HD-C3S Pour les enfants Plus âgés - Bleu,209.000 TND
MOTO | SPORTS & LOISIRS,Glisse Urbaine,Trottinette,Trottinette RODEO HD-C3S Pour les enfants Plus âgés - Bleu,249.000 TND
MOTO | SPORTS & LOISIRS,Glisse Urbaine,Trottinette,Trottinette RODEO HD-C3S Pour les enfants Plus âgés - Rose,209.000 TND
MOTO | SPORTS & LOISIRS,Glisse Urbaine,Trottinette,Trottinette RODEO HD-C3S Pour les enfants Plus âgés - Rose,249.000 TND
MOTO | SPORTS & LOISIRS,Glisse Urbaine,Trottinette,Trottinette FOREVER KIDS00035 Pour les enfants Plus âgés - Blanc,209.000 TND
MOTO | SPORTS & LOISIRS,Glisse Urbaine,Trottinette,Trottinette FOREVER KIDS00035 Pour les enfants Plus âgés - Blanc,249.000 TND
MOTO | SPORTS & LOISIRS,Glisse Urbaine,Trottinette,Trottinette FOREVER KIDS00033 Pour les enfants Plus âgés - Rose,209.000 TND
MOTO | SPORTS & LOISIRS,Glisse Urbaine,Trottinette,Trottinette FOREVER KIDS00033 Pour les enfants Plus âgés - Rose,249.000 TND
MOTO | SPORTS & LOISIRS,Glisse Urbaine,Trottinette,Trottinette Pliable RODEO HD5-S Pour Enfants Plus âgés - Rouge,209.000 TND
MOTO | SPORTS & LOISIRS,Glisse Urbaine,Trottinette,Trottinette Pliable RODEO HD5-S Pour Enfants Plus âgés - Rouge,249.000 TND
MOTO | SPORTS & LOISIRS,Glisse Urbaine,Trottinette,Trottinette Pliable RODEO HD5-S Pour Enfants Plus âgés - Silver,239.000 TND
MOTO | SPORTS & LOISIRS,Glisse Urbaine,Trottinette,Trottinette Pliable RODEO HD5-S Pour Enfants Plus âgés - Silver,299.000 TND
MOTO | SPORTS & LOISIRS,Glisse Urbaine,Trottinette,Trottinette Scooter Pour enfants - Rouge,239.000 TND
MOTO | SPORTS & LOISIRS,Glisse Urbaine,Trottinette,Trottinette Scooter Pour enfants - Rouge,299.000 TND
MOTO | SPORTS & LOISIRS,Glisse Urbaine,Trottinette,Tricycle Pour Enfants TRV6 Réversible - Rouge,239.000 TND
MOTO | SPORTS & LOISIRS,Glisse Urbaine,Trottinette,Tricycle Pour Enfants TRV6 Réversible - Rouge,299.000 TND
MOTO | SPORTS & LOISIRS,Glisse Urbaine,Trottinette,Trottinette Électrique VELOCIPTOR ES80W Skill 350W - Vert,239.000 TND
MOTO | SPORTS & LOISIRS,Glisse Urbaine,Trottinette,Trottinette Électrique VELOCIPTOR ES80W Skill 350W - Vert,299.000 TND
MOTO | SPORTS & LOISIRS,Bicyclettes,Bicyclettes VTT,Bicyclette HAPPY PARK 12" Pour Enfant - Vert,195.000 TND
MOTO | SPORTS & LOISIRS,Bicyclettes,Bicyclettes VTT,Bicyclette HAPPY PARK 12" Pour Enfant - Vert,229.000 TND
MOTO | SPORTS & LOISIRS,Bicyclettes,Bicyclettes VTT,Bicyclette PRADO SNIPER 16" Pour Garçon - Rouge & Vert,195.000 TND
MOTO | SPORTS & LOISIRS,Bicyclettes,Bicyclettes VTT,Bicyclette PRADO SNIPER 16" Pour Garçon - Rouge & Vert,229.000 TND
MOTO | SPORTS & LOISIRS,Bicyclettes,Bicyclettes VTT,Bicyclette PRADO SNIPER 16" Pour Garçon - Noir&Vert,229.000 TND
MOTO | SPORTS & LOISIRS,Bicyclettes,Bicyclettes VTT,Bicyclette PRADO SNIPER 16" Pour Garçon - Noir&Vert,249.000 TND
MOTO | SPORTS & LOISIRS,Bicyclettes,Bicyclettes VTT,Bicyclette PRADO SNIPER 16" Pour Garçon - Blanc&Vert,229.000 TND
MOTO | SPORTS & LOISIRS,Bicyclettes,Bicyclettes VTT,Bicyclette PRADO SNIPER 16" Pour Garçon - Blanc&Vert,249.000 TND
MOTO | SPORTS & LOISIRS,Bicyclettes,Bicyclettes VTT,Bicyclette PRADO SNIPER 16" Pour Garçon - Bleu & Vert,249.000 TND
MOTO | SPORTS & LOISIRS,Bicyclettes,Bicyclettes VTT,Bicyclette PRADO SNIPER 16" Pour Garçon - Bleu & Vert,249.000 TND
MOTO | SPORTS & LOISIRS,Bicyclettes,Bicyclettes VTT,Bicyclette PRADO SNIPER 16" Pour Garçon - Gris & Vert,249.000 TND
MOTO | SPORTS & LOISIRS,Bicyclettes,Bicyclettes VTT,Bicyclette PRADO SNIPER 16" Pour Garçon - Gris & Vert,249.000 TND
MOTO | SPORTS & LOISIRS,Bicyclettes,Bicyclettes VTT,Vélo VTT RODEO BELLARINA 6016 16″ – Rose,249.000 TND
MOTO | SPORTS & LOISIRS,Bicyclettes,Bicyclettes VTT,Vélo VTT RODEO BELLARINA 6016 16″ – Rose,249.000 TND
MOTO | SPORTS & LOISIRS,Bicyclettes,Bicyclettes VTT,Bicyclette VTT PRADO Legend 18 Vitesse 26" - Bleu,249.000 TND
MOTO | SPORTS & LOISIRS,Bicyclettes,Bicyclettes VTT,Bicyclette VTT PRADO Legend 18 Vitesse 26" - Bleu,249.000 TND
MOTO | SPORTS & LOISIRS,Bicyclettes,Bicyclettes VTT,Bicyclette VTT PRADO Legend 18 Vitesse 26" - Jaune,255.000 TND
MOTO | SPORTS & LOISIRS,Bicyclettes,Bicyclettes VTT,Bicyclette VTT PRADO Legend 18 Vitesse 26" - Jaune,255.000 TND
MOTO | SPORTS & LOISIRS,Bicyclettes,Bicyclettes VTT,Bicyclette VTT PRADO Legend 18 Vitesse 26" - Silver,349.000 TND
MOTO | SPORTS & LOISIRS,Bicyclettes,Bicyclettes VTT,Bicyclette VTT PRADO Legend 18 Vitesse 26" - Silver,349.000 TND
MOTO | SPORTS & LOISIRS,Bicyclettes,Bicyclette Électrique,Vélo Électrique ITHELI HF1 Pliant 400W - Noir,2 399.000 TND
MOTO | SPORTS & LOISIRS,Bicyclettes,Bicyclette Électrique,Vélo Électrique ITHELI HF1 Pliant 400W - Noir,2 399.000 TND
MOTO | SPORTS & LOISIRS,Bicyclettes,Bicyclette Électrique,Bicyclette Électrique Pliable VEO e-Bike WORK- Noir&Rouge,2 499.000 TND
MOTO | SPORTS & LOISIRS,Bicyclettes,Bicyclette Électrique,Bicyclette Électrique Pliable VEO e-Bike WORK- Noir&Rouge,2 499.000 TND
MOTO | SPORTS & LOISIRS,Bicyclettes,Bicyclette Électrique,Bicyclette Électrique Pliable VEO e-Bike WORK- Rouge,2 499.000 TND
MOTO | SPORTS & LOISIRS,Bicyclettes,Bicyclette Électrique,Bicyclette Électrique Pliable VEO e-Bike WORK- Rouge,2 499.000 TND
MOTO | SPORTS & LOISIRS,Bicyclettes,Bicyclette Électrique,Bicyclette Électrique VEO e-Bike VTT Sport - Jaune (VEO-VTT-SPORT-JAUNE),2 589.000 TND
MOTO | SPORTS & LOISIRS,Bicyclettes,Bicyclette Électrique,Bicyclette Électrique VEO e-Bike VTT Sport - Jaune (VEO-VTT-SPORT-JAUNE),2 589.000 TND
MOTO | SPORTS & LOISIRS,Bicyclettes,Bicyclette Électrique,Bicyclette Électrique VEO e-Bike VTT Sport - Rouge (VEO-VTT-SPORT-ROUGE),2 589.000 TND
MOTO | SPORTS & LOISIRS,Bicyclettes,Bicyclette Électrique,Bicyclette Électrique VEO e-Bike VTT Sport - Rouge (VEO-VTT-SPORT-ROUGE),2 589.000 TND
MOTO | SPORTS & LOISIRS,Bicyclettes,Bicyclette Électrique,Bicyclette Électrique VEO e-Bike VTT Sport - Blanc (VEO-VTT-SPORT-BLANC),2 589.000 TND
MOTO | SPORTS & LOISIRS,Bicyclettes,Bicyclette Électrique,Bicyclette Électrique VEO e-Bike VTT Sport - Blanc (VEO-VTT-SPORT-BLANC),2 589.000 TND
MOTO | SPORTS & LOISIRS,Bicyclettes,Bicyclette Électrique,Bicyclette Électrique VEO e-Bike VTT Sport - Noir&Jaune (VEO-VTT-SPORT-N-JAUNE),2 589.000 TND
MOTO | SPORTS & LOISIRS,Bicyclettes,Bicyclette Électrique,Bicyclette Électrique VEO e-Bike VTT Sport - Noir&Jaune (VEO-VTT-SPORT-N-JAUNE),2 589.000 TND
MOTO | SPORTS & LOISIRS,Bicyclettes,Bicyclette Électrique,Bicyclette Électrique VEO e-Bike VTT Sport - Noir&Vert (VEO-VTT-SPORT-N-VERT),2 589.000 TND
MOTO | SPORTS & LOISIRS,Bicyclettes,Bicyclette Électrique,Bicyclette Électrique VEO e-Bike VTT Sport - Noir&Vert (VEO-VTT-SPORT-N-VERT),2 589.000 TND
MOTO | SPORTS & LOISIRS,Bicyclettes,Bicyclette Électrique,Bicyclette Électrique VEO e-Bike VTT Sport - Noir&Bleu (VEO-VTT-SPORT-N-BLEU),2 589.000 TND
MOTO | SPORTS & LOISIRS,Bicyclettes,Bicyclette Électrique,Bicyclette Électrique VEO e-Bike VTT Sport - Noir&Bleu (VEO-VTT-SPORT-N-BLEU),2 589.000 TND
MOTO | SPORTS & LOISIRS,Bicyclettes,Bicyclette Électrique,Bicyclette Électrique VEO e-Bike Sport Plus - Noir,2 949.000 TND
MOTO | SPORTS & LOISIRS,Bicyclettes,Bicyclette Électrique,Bicyclette Électrique VEO e-Bike Sport Plus - Noir,2 949.000 TND
MOTO | SPORTS & LOISIRS,Bicyclettes,Bicyclettes BMX,Bicyclette BMX RODEO Freestyle 20" - Jaune,459.000 TND
MOTO | SPORTS & LOISIRS,Bicyclettes,Bicyclettes BMX,Bicyclette BMX RODEO Freestyle 20" - Jaune,459.000 TND
MOTO | SPORTS & LOISIRS,Bicyclettes,Bicyclettes BMX,Bicyclette BMX RODEO Freestyle 20" - Blanc&Jaune,459.000 TND
MOTO | SPORTS & LOISIRS,Bicyclettes,Bicyclettes BMX,Bicyclette BMX RODEO Freestyle 20" - Blanc&Jaune,459.000 TND
MOTO | SPORTS & LOISIRS,Bicyclettes,Bicyclettes BMX,Bicyclette BMX RODEO Freestyle 20" - Bleu&Jaune,459.000 TND
MOTO | SPORTS & LOISIRS,Bicyclettes,Bicyclettes BMX,Bicyclette BMX RODEO Freestyle 20" - Bleu&Jaune,459.000 TND
MOTO | SPORTS & LOISIRS,Bicyclettes,Bicyclettes BMX,Bicyclette BMX RODEO Freestyle 20" - Noir&Jaune,459.000 TND
MOTO | SPORTS & LOISIRS,Bicyclettes,Bicyclettes BMX,Bicyclette BMX RODEO Freestyle 20" - Noir&Jaune,459.000 TND
MOTO | SPORTS & LOISIRS,Bicyclettes,Bicyclette enfant,Vélo Enfant HAPPY PARK 12" - Rouge,199.000 TND
MOTO | SPORTS & LOISIRS,Bicyclettes,Bicyclette enfant,Vélo Enfant HAPPY PARK 12" - Rouge,199.000 TND
MOTO | SPORTS & LOISIRS,Bicyclettes,Bicyclette enfant,Vélo Pour Fille PRINCESSE COEBOY 12" - Blanc,219.000 TND
MOTO | SPORTS & LOISIRS,Bicyclettes,Bicyclette enfant,Vélo Pour Fille PRINCESSE COEBOY 12" - Blanc,219.000 TND
MOTO | SPORTS & LOISIRS,Bicyclettes,Bicyclette enfant,Vélo Pour Fille PRINCESSE COEBOY 12" - Rose,219.000 TND
MOTO | SPORTS & LOISIRS,Bicyclettes,Bicyclette enfant,Vélo Pour Fille PRINCESSE COEBOY 12" - Rose,219.000 TND
MOTO | SPORTS & LOISIRS,Bicyclettes,Bicyclette enfant,Vélo Enfant Frozen Pour Fille 12" - Blanc&Bleu,229.000 TND
MOTO | SPORTS & LOISIRS,Bicyclettes,Bicyclette enfant,Vélo Enfant Frozen Pour Fille 12" - Blanc&Bleu,229.000 TND
MOTO | SPORTS & LOISIRS,Bicyclettes,Bicyclette enfant,Vélo Enfant Hello Kitty Pour Fille 12" - Blanc&Rose,229.000 TND
MOTO | SPORTS & LOISIRS,Bicyclettes,Bicyclette enfant,Vélo Enfant Hello Kitty Pour Fille 12" - Blanc&Rose,229.000 TND
MOTO | SPORTS & LOISIRS,Bicyclettes,Bicyclette enfant,Vélo Pour Fille PRINCESSE COEBOY 12"- Violet,239.000 TND
MOTO | SPORTS & LOISIRS,Bicyclettes,Bicyclette enfant,Vélo Pour Fille PRINCESSE COEBOY 12"- Violet,239.000 TND
MOTO | SPORTS & LOISIRS,Bicyclettes,Bicyclette enfant,Vélo Enfant Frozen Pour Fille 14" - Blanc&Bleu,249.000 TND
MOTO | SPORTS & LOISIRS,Bicyclettes,Bicyclette enfant,Vélo Enfant Frozen Pour Fille 14" - Blanc&Bleu,249.000 TND
MOTO | SPORTS & LOISIRS,Bicyclettes,Bicyclette enfant,Vélo Enfant Hello Kitty Pour Fille 14" - Blanc&Rose,249.000 TND
MOTO | SPORTS & LOISIRS,Bicyclettes,Bicyclette enfant,Vélo Enfant Hello Kitty Pour Fille 14" - Blanc&Rose,249.000 TND
MOTO | SPORTS & LOISIRS,Bicyclettes,Bicyclette enfant,Vélo ENFANT Princesse 16"- Blanc&Violet,259.000 TND
MOTO | SPORTS & LOISIRS,Bicyclettes,Bicyclette enfant,Vélo ENFANT Princesse 16"- Blanc&Violet,259.000 TND
MOTO | SPORTS & LOISIRS,Bicyclettes,Bicyclette enfant,Vélo ENFANT Princesse 16"- Blanc&Rose,259.000 TND
MOTO | SPORTS & LOISIRS,Bicyclettes,Bicyclette enfant,Vélo ENFANT Princesse 16"- Blanc&Rose,259.000 TND
MOTO | SPORTS & LOISIRS,Bicyclettes,Tricycles,Tricycle Scooter EJ010 - Rose&Blanc,45.000 TND
MOTO | SPORTS & LOISIRS,Bicyclettes,Tricycles,Tricycle Scooter EJ010 - Rose&Blanc,69.000 TND
MOTO | SPORTS & LOISIRS,Bicyclettes,Tricycles,Tricycle Scooter - Rouge & Bleu,45.000 TND
MOTO | SPORTS & LOISIRS,Bicyclettes,Tricycles,Tricycle Scooter - Rouge & Bleu,69.000 TND
MOTO | SPORTS & LOISIRS,Bicyclettes,Tricycles,MOTORCYCLE - Noir,45.000 TND
MOTO | SPORTS & LOISIRS,Bicyclettes,Tricycles,MOTORCYCLE - Noir,69.000 TND
MOTO | SPORTS & LOISIRS,Bicyclettes,Tricycles,Tricycle ALICE Avec Casque ,45.000 TND
MOTO | SPORTS & LOISIRS,Bicyclettes,Tricycles,Tricycle ALICE Avec Casque ,69.000 TND
MOTO | SPORTS & LOISIRS,Bicyclettes,Tricycles,Tricycle FLIPPER avec casque - Bleu, Rouge & Jaune ,49.000 TND
MOTO | SPORTS & LOISIRS,Bicyclettes,Tricycles,Tricycle FLIPPER avec casque - Bleu, Rouge & Jaune ,69.000 TND
MOTO | SPORTS & LOISIRS,Bicyclettes,Tricycles,Tricycle Love Puk Rodeo T227 Bleu,49.000 TND
MOTO | SPORTS & LOISIRS,Bicyclettes,Tricycles,Tricycle Love Puk Rodeo T227 Bleu,69.000 TND
MOTO | SPORTS & LOISIRS,Bicyclettes,Tricycles,Tricycle JUMPER Avec Casque,55.000 TND
MOTO | SPORTS & LOISIRS,Bicyclettes,Tricycles,Tricycle JUMPER Avec Casque,75.000 TND
MOTO | SPORTS & LOISIRS,Bicyclettes,Tricycles,Tricycle Love Puk Rodeo T227 Rose,55.000 TND
MOTO | SPORTS & LOISIRS,Bicyclettes,Tricycles,Tricycle Love Puk Rodeo T227 Rose,75.000 TND
MOTO | SPORTS & LOISIRS,Bicyclettes,Tricycles,Tricycle PILSAN Atom ,59.000 TND
MOTO | SPORTS & LOISIRS,Bicyclettes,Tricycles,Tricycle PILSAN Atom ,79.000 TND
MOTO | SPORTS & LOISIRS,Bicyclettes,Tricycles,Tricycle Classique RODEO T7741- Bleu,59.000 TND
MOTO | SPORTS & LOISIRS,Bicyclettes,Tricycles,Tricycle Classique RODEO T7741- Bleu,79.000 TND
MOTO | SPORTS & LOISIRS,Bicyclettes,Accessoires vélo,Câble de Verrouillage RODEO Pour Vélo 81707,25.000 TND
MOTO | SPORTS & LOISIRS,Bicyclettes,Accessoires vélo,Câble de Verrouillage RODEO Pour Vélo 81707,39.000 TND
MOTO | SPORTS & LOISIRS,Bicyclettes,Accessoires vélo,Compresseur D'air électrique portable XIAOMI MI Multiusage (BHR5277GL),25.000 TND
MOTO | SPORTS & LOISIRS,Bicyclettes,Accessoires vélo,Compresseur D'air électrique portable XIAOMI MI Multiusage (BHR5277GL),39.000 TND
MOTO | SPORTS & LOISIRS,Bicyclettes,Accessoires vélo,Tricycle Enfant RODEO T17 Avec Canne - Gris & Noir,149.000 TND
MOTO | SPORTS & LOISIRS,Bicyclettes,Accessoires vélo,Tricycle Enfant RODEO T17 Avec Canne - Gris & Noir,149.000 TND
MOTO | SPORTS & LOISIRS,Glisse Urbaine,Trottinette,Trottinette Électrique VELOCIPTOR ES85W Tech 350W - Noir,1 559.000 TND
MOTO | SPORTS & LOISIRS,Glisse Urbaine,Trottinette,Trottinette Électrique VELOCIPTOR ES85W Tech 350W - Noir,1 559.000 TND
MOTO | SPORTS & LOISIRS,Glisse Urbaine,Trottinette,Trottinette Électrique XIAOMI MI ESSENTIAL 500W - Noir (FBC4022GL),1 669.000 TND
MOTO | SPORTS & LOISIRS,Glisse Urbaine,Trottinette,Trottinette Électrique XIAOMI MI ESSENTIAL 500W - Noir (FBC4022GL),1 669.000 TND
MOTO | SPORTS & LOISIRS,Glisse Urbaine,Trottinette,Trottinette Électrique VELOCIPTOR NRG ES 86EW 350W 8.5" - Noir,1 749.000 TND
MOTO | SPORTS & LOISIRS,Glisse Urbaine,Trottinette,Trottinette Électrique VELOCIPTOR NRG ES 86EW 350W 8.5" - Noir,1 749.000 TND
MOTO | SPORTS & LOISIRS,Glisse Urbaine,Trottinette,Trottinette Électrique VELOCIPTOR ES88EW APP EVO 350W - Noir,1 799.000 TND
MOTO | SPORTS & LOISIRS,Glisse Urbaine,Trottinette,Trottinette Électrique VELOCIPTOR ES88EW APP EVO 350W - Noir,1 799.000 TND
MOTO | SPORTS & LOISIRS,Glisse Urbaine,Trottinette,Trottinette Électrique VELOCIPTOR ES 85W TECH 2 350W - Noir,1 999.000 TND
MOTO | SPORTS & LOISIRS,Glisse Urbaine,Trottinette,Trottinette Électrique VELOCIPTOR ES 85W TECH 2 350W - Noir,1 999.000 TND
MOTO | SPORTS & LOISIRS,Glisse Urbaine,Trottinette,Trottinette Électrique VELOCIPTOR ES 85W TECH 2 350W - Argent,1 999.000 TND
MOTO | SPORTS & LOISIRS,Glisse Urbaine,Trottinette,Trottinette Électrique VELOCIPTOR ES 85W TECH 2 350W - Argent,1 999.000 TND
MOTO | SPORTS & LOISIRS,Glisse Urbaine,Trottinette,Trottinette Électrique VELOCIPTOR Racer MWC ES105EW 500W - Noir,2 229.000 TND
MOTO | SPORTS & LOISIRS,Glisse Urbaine,Trottinette,Trottinette Électrique VELOCIPTOR Racer MWC ES105EW 500W - Noir,2 229.000 TND
MOTO | SPORTS & LOISIRS,Glisse Urbaine,Trottinette,Trottinette Électrique XIAOMI Pro 2 - Noir,2 639.000 TND
MOTO | SPORTS & LOISIRS,Glisse Urbaine,Trottinette,Trottinette Électrique XIAOMI Pro 2 - Noir,2 639.000 TND
MOTO | SPORTS & LOISIRS,Glisse Urbaine,Trottinette,Trottinette sous-Marine SeaFlyer Avec Support Pour Caméra,3 199.000 TND
MOTO | SPORTS & LOISIRS,Glisse Urbaine,Trottinette,Trottinette sous-Marine SeaFlyer Avec Support Pour Caméra,3 199.000 TND
MOTO | SPORTS & LOISIRS,Glisse Urbaine,Trottinette,Trottinette Électrique VELOCIPTOR ES111OR Climb 2 500W - Noir,3 349.000 TND
MOTO | SPORTS & LOISIRS,Glisse Urbaine,Trottinette,Trottinette Électrique VELOCIPTOR ES111OR Climb 2 500W - Noir,3 349.000 TND
MOTO | SPORTS & LOISIRS,Bicyclettes,Bicyclette Électrique,Bicyclette Électrique VEO e-Bike Sport Plus - Bleu,2 949.000 TND
MOTO | SPORTS & LOISIRS,Bicyclettes,Bicyclette Électrique,Bicyclette Électrique VEO e-Bike Sport Plus - Bleu,2 949.000 TND
MOTO | SPORTS & LOISIRS,Bicyclettes,Bicyclette Électrique,Bicyclette Électrique VEO e-Bike Sport Plus - Vert,2 949.000 TND
MOTO | SPORTS & LOISIRS,Bicyclettes,Bicyclette Électrique,Bicyclette Électrique VEO e-Bike Sport Plus - Vert,2 949.000 TND
MOTO | SPORTS & LOISIRS,Bicyclettes,Bicyclette Électrique,Bicyclette Électrique VEO e-Bike Sport Fat - Noir&Bleu,2 979.000 TND
MOTO | SPORTS & LOISIRS,Bicyclettes,Bicyclette Électrique,Bicyclette Électrique VEO e-Bike Sport Fat - Noir&Bleu,2 979.000 TND
MOTO | SPORTS & LOISIRS,Bicyclettes,Bicyclette Électrique,Bicyclette Électrique VEO e-Bike Sport Fat - Noir&Rouge,2 979.000 TND
MOTO | SPORTS & LOISIRS,Bicyclettes,Bicyclette Électrique,Bicyclette Électrique VEO e-Bike Sport Fat - Noir&Rouge,2 979.000 TND
MOTO | SPORTS & LOISIRS,Bicyclettes,Bicyclette Électrique,Bicyclette Électrique VEO e-Bike Sport Fat - Noir&Blanc,2 979.000 TND
MOTO | SPORTS & LOISIRS,Bicyclettes,Bicyclette Électrique,Bicyclette Électrique VEO e-Bike Sport Fat - Noir&Blanc,2 979.000 TND
MOTO | SPORTS & LOISIRS,Bicyclettes,Bicyclettes VTT,Bicyclette VTT PRADO Legend 18 Vitesse 26" - Noir,349.000 TND
MOTO | SPORTS & LOISIRS,Bicyclettes,Bicyclettes VTT,Bicyclette VTT PRADO Legend 18 Vitesse 26" - Noir,349.000 TND
MOTO | SPORTS & LOISIRS,Bicyclettes,Bicyclettes VTT,Bicyclette VTT PRADO Apache 18 Vitesse 24" Pour Dame - Blanc&Rose + Casque Stéréo Sans Fil,359.000 TND
MOTO | SPORTS & LOISIRS,Bicyclettes,Bicyclettes VTT,Bicyclette VTT PRADO Apache 18 Vitesse 24" Pour Dame - Blanc&Rose + Casque Stéréo Sans Fil,359.000 TND
MOTO | SPORTS & LOISIRS,Bicyclettes,Bicyclettes VTT,Bicyclette VTT PRADO Apache 18 Vitesse 24" Pour Dame - Silver&Rose + Casque Stéréo Sans Fil,359.000 TND
MOTO | SPORTS & LOISIRS,Bicyclettes,Bicyclettes VTT,Bicyclette VTT PRADO Apache 18 Vitesse 24" Pour Dame - Silver&Rose + Casque Stéréo Sans Fil,359.000 TND
MOTO | SPORTS & LOISIRS,Bicyclettes,Bicyclettes VTT,Bicyclette VTT PRADO Apache 18 Vitesse 24" Pour Dame - Bleu&Rose + Casque Stéréo Sans Fil,359.000 TND
MOTO | SPORTS & LOISIRS,Bicyclettes,Bicyclettes VTT,Bicyclette VTT PRADO Apache 18 Vitesse 24" Pour Dame - Bleu&Rose + Casque Stéréo Sans Fil,359.000 TND
MOTO | SPORTS & LOISIRS,Bicyclettes,Bicyclettes VTT,Bicyclette VTT PRADO Apache 18 Vitesse 24" Pour Homme - Bleu&Vert + Casque Stéréo Sans Fil,359.000 TND
MOTO | SPORTS & LOISIRS,Bicyclettes,Bicyclettes VTT,Bicyclette VTT PRADO Apache 18 Vitesse 24" Pour Homme - Bleu&Vert + Casque Stéréo Sans Fil,359.000 TND
MOTO | SPORTS & LOISIRS,Bicyclettes,Bicyclettes VTT,Vélo De Course Professionnelle RODEO C700 - Rouge (C700-ROUGE),359.000 TND
MOTO | SPORTS & LOISIRS,Bicyclettes,Bicyclettes VTT,Vélo De Course Professionnelle RODEO C700 - Rouge (C700-ROUGE),459.000 TND
MOTO | SPORTS & LOISIRS,Bicyclettes,Bicyclettes VTT,Bicyclette VTT PRADO Apache 18 Vitesse 24" Pour Homme - Noir&Vert + Casque Stéréo Sans Fil,359.000 TND
MOTO | SPORTS & LOISIRS,Bicyclettes,Bicyclettes VTT,Bicyclette VTT PRADO Apache 18 Vitesse 24" Pour Homme - Noir&Vert + Casque Stéréo Sans Fil,459.000 TND
MOTO | SPORTS & LOISIRS,Bicyclettes,Bicyclettes VTT,Bicyclette VTT PRADO Apache 18 Vitesse 24" Pour Homme - Gris&Vert + Casque Stéréo Sans Fil,359.000 TND
MOTO | SPORTS & LOISIRS,Bicyclettes,Bicyclettes VTT,Bicyclette VTT PRADO Apache 18 Vitesse 24" Pour Homme - Gris&Vert + Casque Stéréo Sans Fil,359.000 TND
MOTO | SPORTS & LOISIRS,Bicyclettes,Bicyclettes VTT,Bicyclette VTT PRADO Apache 18 Vitesse 26" Pour Dame - Blanc & Rose,359.000 TND
MOTO | SPORTS & LOISIRS,Bicyclettes,Bicyclettes VTT,Bicyclette VTT PRADO Apache 18 Vitesse 26" Pour Dame - Blanc & Rose,359.000 TND
MOTO | SPORTS & LOISIRS,Bicyclettes,Bicyclettes VTT,Bicyclette VTT PRADO Apache 18 Vitesse 26" Pour Dame - Gris & Rose,369.000 TND
MOTO | SPORTS & LOISIRS,Bicyclettes,Bicyclettes VTT,Bicyclette VTT PRADO Apache 18 Vitesse 26" Pour Dame - Gris & Rose,399.000 TND
MOTO | SPORTS & LOISIRS,Bicyclettes,Bicyclette enfant,Vélo ENFANT Free Style 16"- Rouge (10046001-ROUGE),259.000 TND
MOTO | SPORTS & LOISIRS,Bicyclettes,Bicyclette enfant,Vélo ENFANT Free Style 16"- Rouge (10046001-ROUGE),259.000 TND
MOTO | SPORTS & LOISIRS,Bicyclettes,Bicyclette enfant,Vélo ENFANT Princesse 16"- Blanc&Rose,259.000 TND
MOTO | SPORTS & LOISIRS,Bicyclettes,Bicyclette enfant,Vélo ENFANT Princesse 16"- Blanc&Rose,259.000 TND
MOTO | SPORTS & LOISIRS,Bicyclettes,Bicyclette enfant,Vélo ENFANT Princesse 16"- Blanc&Violet,259.000 TND
MOTO | SPORTS & LOISIRS,Bicyclettes,Bicyclette enfant,Vélo ENFANT Princesse 16"- Blanc&Violet,259.000 TND
MOTO | SPORTS & LOISIRS,Bicyclettes,Bicyclette enfant,Vélo ENFANT Princesse 16"- Rose,259.000 TND
MOTO | SPORTS & LOISIRS,Bicyclettes,Bicyclette enfant,Vélo ENFANT Princesse 16"- Rose,259.000 TND
MOTO | SPORTS & LOISIRS,Bicyclettes,Bicyclette enfant,Vélo Enfant Princesse Coeboy 20" - Blanc&Rose,269.000 TND
MOTO | SPORTS & LOISIRS,Bicyclettes,Bicyclette enfant,Vélo Enfant Princesse Coeboy 20" - Blanc&Rose,269.000 TND
MOTO | SPORTS & LOISIRS,Bicyclettes,Bicyclette enfant,Vélo Enfant Free Style 20"- Blanc (10040003-BLANC),269.000 TND
MOTO | SPORTS & LOISIRS,Bicyclettes,Bicyclette enfant,Vélo Enfant Free Style 20"- Blanc (10040003-BLANC),269.000 TND
MOTO | SPORTS & LOISIRS,Bicyclettes,Bicyclette enfant,Vélo Enfant Frozen Pour Fille 16" - Blanc&Bleu,269.000 TND
MOTO | SPORTS & LOISIRS,Bicyclettes,Bicyclette enfant,Vélo Enfant Frozen Pour Fille 16" - Blanc&Bleu,269.000 TND
MOTO | SPORTS & LOISIRS,Bicyclettes,Bicyclette enfant,Vélo Enfant Free Style 20"- Bleu (10040003-BLEU),269.000 TND
MOTO | SPORTS & LOISIRS,Bicyclettes,Bicyclette enfant,Vélo Enfant Free Style 20"- Bleu (10040003-BLEU),269.000 TND
MOTO | SPORTS & LOISIRS,Bicyclettes,Bicyclette enfant,Vélo Enfant Princesse Coeboy 20" - Violet,269.000 TND
MOTO | SPORTS & LOISIRS,Bicyclettes,Bicyclette enfant,Vélo Enfant Princesse Coeboy 20" - Violet,269.000 TND
MOTO | SPORTS & LOISIRS,Bicyclettes,Bicyclette enfant,Vélo ENFANT Free Style 20"- Noir (10040003-NOIR),269.000 TND
MOTO | SPORTS & LOISIRS,Bicyclettes,Bicyclette enfant,Vélo ENFANT Free Style 20"- Noir (10040003-NOIR),269.000 TND
MOTO | SPORTS & LOISIRS,Entretien Et Nettoyant Auto,Accessoires Voiture,Support Smartphone à Ventouse - Noir,10.000 TND
MOTO | SPORTS & LOISIRS,Entretien Et Nettoyant Auto,Accessoires Voiture,Support Smartphone à Ventouse - Noir,10.000 TND
MOTO | SPORTS & LOISIRS,Entretien Et Nettoyant Auto,Accessoires Voiture,Support Smartphone Pour Voiture PZX YC06,18.000 TND
MOTO | SPORTS & LOISIRS,Entretien Et Nettoyant Auto,Accessoires Voiture,Support Smartphone Pour Voiture PZX YC06,18.000 TND
MOTO | SPORTS & LOISIRS,Entretien Et Nettoyant Auto,Accessoires Voiture,Support Voiture Pour Téléphone portable - noir,25.000 TND
MOTO | SPORTS & LOISIRS,Entretien Et Nettoyant Auto,Accessoires Voiture,Support Voiture Pour Téléphone portable - noir,25.000 TND
MOTO | SPORTS & LOISIRS,Entretien Et Nettoyant Auto,Accessoires Voiture,Support de Voiture KAKU KSC-303 Pour Téléphone Portable,25.000 TND
MOTO | SPORTS & LOISIRS,Entretien Et Nettoyant Auto,Accessoires Voiture,Support de Voiture KAKU KSC-303 Pour Téléphone Portable,25.000 TND
MOTO | SPORTS & LOISIRS,Entretien Et Nettoyant Auto,Accessoires Voiture,Support Smartphone Pour Voiture PZX YC08,25.000 TND
MOTO | SPORTS & LOISIRS,Entretien Et Nettoyant Auto,Accessoires Voiture,Support Smartphone Pour Voiture PZX YC08,25.000 TND
MOTO | SPORTS & LOISIRS,Entretien Et Nettoyant Auto,Accessoires Voiture,Support Magnétique BOROFONE BH6 Pour Voiture - Silver,25.000 TND
MOTO | SPORTS & LOISIRS,Entretien Et Nettoyant Auto,Accessoires Voiture,Support Magnétique BOROFONE BH6 Pour Voiture - Silver,25.000 TND
MOTO | SPORTS & LOISIRS,Entretien Et Nettoyant Auto,Accessoires Voiture,Support Smartphone Pour Voiture PZX YC12,25.000 TND
MOTO | SPORTS & LOISIRS,Entretien Et Nettoyant Auto,Accessoires Voiture,Support Smartphone Pour Voiture PZX YC12,25.000 TND
MOTO | SPORTS & LOISIRS,Entretien Et Nettoyant Auto,Accessoires Voiture,Support Magnétique BOROFONE BH6 Pour Voiture - Noir,25.000 TND
MOTO | SPORTS & LOISIRS,Entretien Et Nettoyant Auto,Accessoires Voiture,Support Magnétique BOROFONE BH6 Pour Voiture - Noir,25.000 TND
MOTO | SPORTS & LOISIRS,Entretien Et Nettoyant Auto,Accessoires Voiture,Jeux De Lumière Pour Voiture D36,35.000 TND
MOTO | SPORTS & LOISIRS,Entretien Et Nettoyant Auto,Accessoires Voiture,Jeux De Lumière Pour Voiture D36,35.000 TND
MOTO | SPORTS & LOISIRS,Entretien Et Nettoyant Auto,Accessoires Voiture,Triangle LED Lumiére De Signalisation,35.000 TND
MOTO | SPORTS & LOISIRS,Entretien Et Nettoyant Auto,Accessoires Voiture,Triangle LED Lumiére De Signalisation,35.000 TND
MOTO | SPORTS & LOISIRS,Auto & Moto,Scooter,Mini Scooter Électrique HF2 400W - Noir,2 399.000 TND
MOTO | SPORTS & LOISIRS,Auto & Moto,Scooter,Mini Scooter Électrique HF2 400W - Noir,2 399.000 TND
MOTO | SPORTS & LOISIRS,Auto & Moto,Scooter,Scooter BBM Digita - Noir,3 159.000 TND
MOTO | SPORTS & LOISIRS,Auto & Moto,Scooter,Scooter BBM Digita - Noir,3 159.000 TND
MOTO | SPORTS & LOISIRS,Auto & Moto,Scooter,Scooter Électrique VEO City 1200W - Cyan,4 479.000 TND
MOTO | SPORTS & LOISIRS,Auto & Moto,Scooter,Scooter Électrique VEO City 1200W - Cyan,4 479.000 TND
MOTO | SPORTS & LOISIRS,Auto & Moto,Scooter,Scooter Électrique VEO City 1200W - Bleu,4 479.000 TND
MOTO | SPORTS & LOISIRS,Auto & Moto,Scooter,Scooter Électrique VEO City 1200W - Bleu,4 479.000 TND
MOTO | SPORTS & LOISIRS,Auto & Moto,Scooter,Scooter Électrique VEO City 1200W - Rouge,4 479.000 TND
MOTO | SPORTS & LOISIRS,Auto & Moto,Scooter,Scooter Électrique VEO City 1200W - Rouge,4 479.000 TND
MOTO | SPORTS & LOISIRS,Auto & Moto,Scooter,Voiturette Électrique ECOMOTO Pour Personnes Agées - Noir & Rouge,5 989.000 TND
MOTO | SPORTS & LOISIRS,Auto & Moto,Scooter,Voiturette Électrique ECOMOTO Pour Personnes Agées - Noir & Rouge,5 989.000 TND
MOTO | SPORTS & LOISIRS,Auto & Moto,Scooter,Scooter Électrique ECOMOTO COCO 1500W - Bleu,6 289.000 TND
MOTO | SPORTS & LOISIRS,Auto & Moto,Scooter,Scooter Électrique ECOMOTO COCO 1500W - Bleu,6 289.000 TND
MOTO | SPORTS & LOISIRS,Auto & Moto,Scooter,Scooter Électrique ECOMOTO COCO 1500W - Noir,6 289.000 TND
MOTO | SPORTS & LOISIRS,Auto & Moto,Scooter,Scooter Électrique ECOMOTO COCO 1500W - Noir,6 289.000 TND
MOTO | SPORTS & LOISIRS,Auto & Moto,Scooter,Scooter SUZUKI Burgman Street UB125 - Noir,8 399.000 TND
MOTO | SPORTS & LOISIRS,Auto & Moto,Scooter,Scooter SUZUKI Burgman Street UB125 - Noir,8 399.000 TND
MOTO | SPORTS & LOISIRS,Auto & Moto,Scooter,Scooter SUZUKI Burgman Street UB125 - Gris,8 399.000 TND
MOTO | SPORTS & LOISIRS,Auto & Moto,Scooter,Scooter SUZUKI Burgman Street UB125 - Gris,8 399.000 TND
MOTO | SPORTS & LOISIRS,Bicyclettes,Tricycles,Tricycle RODEO Courbe Avec Panier T7841- Noir & Bleu ,139.000 TND
MOTO | SPORTS & LOISIRS,Bicyclettes,Tricycles,Tricycle RODEO Courbe Avec Panier T7841- Noir & Bleu ,139.000 TND
MOTO | SPORTS & LOISIRS,Bicyclettes,Tricycles,Tricycle Classique RODEO T7741- Jaune,139.000 TND
MOTO | SPORTS & LOISIRS,Bicyclettes,Tricycles,Tricycle Classique RODEO T7741- Jaune,139.000 TND
MOTO | SPORTS & LOISIRS,Bicyclettes,Tricycles,Tricycle RODEO Avec Canne et Panier T6435 - Rouge & Noir,149.000 TND
MOTO | SPORTS & LOISIRS,Bicyclettes,Tricycles,Tricycle RODEO Avec Canne et Panier T6435 - Rouge & Noir,149.000 TND
MOTO | SPORTS & LOISIRS,Bicyclettes,Tricycles,Tricycle RODEO Avec Canne et Panier T6435 - Rose,149.000 TND
MOTO | SPORTS & LOISIRS,Bicyclettes,Tricycles,Tricycle RODEO Avec Canne et Panier T6435 - Rose,149.000 TND
MOTO | SPORTS & LOISIRS,Bicyclettes,Tricycles,Tricycle Pour Bébé - Noir & Violet (630),249.000 TND
MOTO | SPORTS & LOISIRS,Bicyclettes,Tricycles,Tricycle Pour Bébé - Noir & Violet (630),269.000 TND
MOTO | SPORTS & LOISIRS,Bicyclettes,Tricycles,Tricycle Pour Enfants TRV6 Réversible - Violet,249.000 TND
MOTO | SPORTS & LOISIRS,Bicyclettes,Tricycles,Tricycle Pour Enfants TRV6 Réversible - Violet,269.000 TND
MOTO | SPORTS & LOISIRS,Bicyclettes,Tricycles,Tricycle Pour Enfants TRV6 Réversible - Rouge,259.000 TND
MOTO | SPORTS & LOISIRS,Bicyclettes,Tricycles,Tricycle Pour Enfants TRV6 Réversible - Rouge,295.000 TND
MOTO | SPORTS & LOISIRS,Sports,Gymnastique,Corde à Sauter ZIMOTA Jump Rope 2.0 - Noir&Bleu,6.900 TND
MOTO | SPORTS & LOISIRS,Sports,Gymnastique,Corde à Sauter ZIMOTA Jump Rope 2.0 - Noir&Bleu,9.900 TND
MOTO | SPORTS & LOISIRS,Sports,Gymnastique,Corde à Sauter ZIMOTA Jump Rope 3.0 - Noir&Rouge,6.900 TND
MOTO | SPORTS & LOISIRS,Sports,Gymnastique,Corde à Sauter ZIMOTA Jump Rope 3.0 - Noir&Rouge,9.900 TND
MOTO | SPORTS & LOISIRS,Sports,Gymnastique,Corde à Sauter avec Compteur ZIMOTA PRO 6.0,18.900 TND
MOTO | SPORTS & LOISIRS,Sports,Gymnastique,Corde à Sauter avec Compteur ZIMOTA PRO 6.0,25.000 TND
MOTO | SPORTS & LOISIRS,Sports,Gymnastique,Matelas Yoga KIF SPORT EVA 173 X 61 X 0.6 Cm,18.900 TND
MOTO | SPORTS & LOISIRS,Sports,Gymnastique,Matelas Yoga KIF SPORT EVA 173 X 61 X 0.6 Cm,25.000 TND
MOTO | SPORTS & LOISIRS,Sports,Gymnastique,Ceinture Élastiques de fitness KIF SPORT (01044400),25.000 TND
MOTO | SPORTS & LOISIRS,Sports,Gymnastique,Ceinture Élastiques de fitness KIF SPORT (01044400),35.000 TND
MOTO | SPORTS & LOISIRS,Sports,Gymnastique,Gymball SVELTUS 55 cm - Orange (0396),25.000 TND
MOTO | SPORTS & LOISIRS,Sports,Gymnastique,Gymball SVELTUS 55 cm - Orange (0396),35.000 TND
MOTO | SPORTS & LOISIRS,Sports,Gymnastique,Gym Ball ZIMOTA 65 cm - Rose (01042065),29.000 TND
MOTO | SPORTS & LOISIRS,Sports,Gymnastique,Gym Ball ZIMOTA 65 cm - Rose (01042065),29.000 TND
MOTO | SPORTS & LOISIRS,Sports,Gymnastique,Gym Ball BODY SCULPTURE 55 cm - Rose,29.900 TND
MOTO | SPORTS & LOISIRS,Sports,Gymnastique,Gym Ball BODY SCULPTURE 55 cm - Rose,29.900 TND
MOTO | SPORTS & LOISIRS,Sports,Gymnastique,Gym Ball ZIMOTA 75 cm - Rose (01042075),35.900 TND
MOTO | SPORTS & LOISIRS,Sports,Gymnastique,Gym Ball ZIMOTA 75 cm - Rose (01042075),35.900 TND
MOTO | SPORTS & LOISIRS,Sports,Gymnastique,Tapis de Sport SVELTUS avec Oeillets - Rose,39.000 TND
MOTO | SPORTS & LOISIRS,Sports,Gymnastique,Tapis de Sport SVELTUS avec Oeillets - Rose,39.000 TND
MOTO | SPORTS & LOISIRS,Auto & Moto,Scooter,Scooter SUZUKI Burgman Street UB125 - Blanc,8 399.000 TND
MOTO | SPORTS & LOISIRS,Auto & Moto,Scooter,Scooter SUZUKI Burgman Street UB125 - Blanc,8 399.000 TND
MOTO | SPORTS & LOISIRS,Bicyclettes,Bicyclettes VTT,Bicyclette VTT PRADO Apache 18 Vitesse 26" Pour Homme - Rouge & Vert,369.000 TND
MOTO | SPORTS & LOISIRS,Bicyclettes,Bicyclettes VTT,Bicyclette VTT PRADO Apache 18 Vitesse 26" Pour Homme - Rouge & Vert,399.000 TND
MOTO | SPORTS & LOISIRS,Bicyclettes,Bicyclettes VTT,Bicyclette VTT PRADO Apache 18 Vitesse 26" Pour Dame - Bleu&Rose,369.000 TND
MOTO | SPORTS & LOISIRS,Bicyclettes,Bicyclettes VTT,Bicyclette VTT PRADO Apache 18 Vitesse 26" Pour Dame - Bleu&Rose,399.000 TND
MOTO | SPORTS & LOISIRS,Bicyclettes,Bicyclettes VTT,Bicyclette VTT PRADO Apache 18 Vitesse 26" Pour Homme - Noir&Vert,369.000 TND
MOTO | SPORTS & LOISIRS,Bicyclettes,Bicyclettes VTT,Bicyclette VTT PRADO Apache 18 Vitesse 26" Pour Homme - Noir&Vert,399.000 TND
MOTO | SPORTS & LOISIRS,Bicyclettes,Bicyclettes VTT,Bicyclette PRADO Double Suspension Cadre D 26"- Bleu,369.000 TND
MOTO | SPORTS & LOISIRS,Bicyclettes,Bicyclettes VTT,Bicyclette PRADO Double Suspension Cadre D 26"- Bleu,399.000 TND
MOTO | SPORTS & LOISIRS,Bicyclettes,Bicyclettes VTT,Bicyclette PRADO Double Suspension Cadre D 26"- Gris,369.000 TND
MOTO | SPORTS & LOISIRS,Bicyclettes,Bicyclettes VTT,Bicyclette PRADO Double Suspension Cadre D 26"- Gris,399.000 TND
MOTO | SPORTS & LOISIRS,Bicyclettes,Bicyclettes VTT,Pack Bicyclette BLISS PRADO 18 Vitesse 24" + Cadenas (BU-9024-FD-BLEU),369.000 TND
MOTO | SPORTS & LOISIRS,Bicyclettes,Bicyclettes VTT,Pack Bicyclette BLISS PRADO 18 Vitesse 24" + Cadenas (BU-9024-FD-BLEU),399.000 TND
MOTO | SPORTS & LOISIRS,Bicyclettes,Bicyclettes VTT,Bicyclette VTT RODEO Blast 6020-B18 Double Suspension 20" - Bleu,385.000 TND
MOTO | SPORTS & LOISIRS,Bicyclettes,Bicyclettes VTT,Bicyclette VTT RODEO Blast 6020-B18 Double Suspension 20" - Bleu,385.000 TND
MOTO | SPORTS & LOISIRS,Bicyclettes,Bicyclettes VTT,Bicyclette VTT RODEO Blast 6020-B18 Double Suspension 20" - Noir,385.000 TND
MOTO | SPORTS & LOISIRS,Bicyclettes,Bicyclettes VTT,Bicyclette VTT RODEO Blast 6020-B18 Double Suspension 20" - Noir,385.000 TND
MOTO | SPORTS & LOISIRS,Bicyclettes,Bicyclettes VTT,Bicyclette VTT PRADO Bliss 18 Vitesses 24" - Noir&Vert,439.000 TND
MOTO | SPORTS & LOISIRS,Bicyclettes,Bicyclettes VTT,Bicyclette VTT PRADO Bliss 18 Vitesses 24" - Noir&Vert,439.000 TND
MOTO | SPORTS & LOISIRS,Bicyclettes,Bicyclettes VTT,Bicyclette VTT PRADO Bliss 18 Vitesses 24" - Noir&Jaune,469.000 TND
MOTO | SPORTS & LOISIRS,Bicyclettes,Bicyclettes VTT,Bicyclette VTT PRADO Bliss 18 Vitesses 24" - Noir&Jaune,469.000 TND
MOTO | SPORTS & LOISIRS,Sports,Sports de Raquettes,Raquettes de Tennis Pour Enfants (3006),9.000 TND
MOTO | SPORTS & LOISIRS,Sports,Sports de Raquettes,Raquettes de Tennis Pour Enfants (3006),9.000 TND
MOTO | SPORTS & LOISIRS,Sports,Sports de Raquettes,Paquet de 6 Balles Galaxy GARALNDO 3 Étoiles,11.900 TND
MOTO | SPORTS & LOISIRS,Sports,Sports de Raquettes,Paquet de 6 Balles Galaxy GARALNDO 3 Étoiles,11.900 TND
MOTO | SPORTS & LOISIRS,Sports,Sports de Raquettes,Raquettes de Plage l'ours,12.000 TND
MOTO | SPORTS & LOISIRS,Sports,Sports de Raquettes,Raquettes de Plage l'ours,12.000 TND
MOTO | SPORTS & LOISIRS,Sports,Sports de Raquettes,Raquette de Tennis de Table GARLANDO Arrow 2 étoiles - Bleu&Rose,17.500 TND
MOTO | SPORTS & LOISIRS,Sports,Sports de Raquettes,Raquette de Tennis de Table GARLANDO Arrow 2 étoiles - Bleu&Rose,17.500 TND
MOTO | SPORTS & LOISIRS,Sports,Sports de Raquettes,Raquettes de Beatch Tennis,19.000 TND
MOTO | SPORTS & LOISIRS,Sports,Sports de Raquettes,Raquettes de Beatch Tennis,19.000 TND
MOTO | SPORTS & LOISIRS,Sports,Sports de Raquettes,Raquette de Tennis Wish Alumtec 2510,38.400 TND
MOTO | SPORTS & LOISIRS,Sports,Sports de Raquettes,Raquette de Tennis Wish Alumtec 2510,38.400 TND
MOTO | SPORTS & LOISIRS,Sports,Sports de Raquettes,Raquette de Tennis de Table GARLANDO Tornado 6 étoiles ITTF - Bleu&Jaune,75.000 TND
MOTO | SPORTS & LOISIRS,Sports,Sports de Raquettes,Raquette de Tennis de Table GARLANDO Tornado 6 étoiles ITTF - Bleu&Jaune,75.000 TND
MOTO | SPORTS & LOISIRS,Entretien Et Nettoyant Auto,Accessoires Voiture,Support Voiture HOCO Z29 Avec Afficheur LED Et USB,35.900 TND
MOTO | SPORTS & LOISIRS,Entretien Et Nettoyant Auto,Accessoires Voiture,Support Voiture HOCO Z29 Avec Afficheur LED Et USB,35.900 TND
MOTO | SPORTS & LOISIRS,Entretien Et Nettoyant Auto,Accessoires Voiture,Support Voiture HOCO CA36 Magnétique - Noir,39.000 TND
MOTO | SPORTS & LOISIRS,Entretien Et Nettoyant Auto,Accessoires Voiture,Support Voiture HOCO CA36 Magnétique - Noir,39.000 TND
MOTO | SPORTS & LOISIRS,Entretien Et Nettoyant Auto,Accessoires Voiture,Support Voiture HOCO CA36 Magnétique - Silver,39.000 TND
MOTO | SPORTS & LOISIRS,Entretien Et Nettoyant Auto,Accessoires Voiture,Support Voiture HOCO CA36 Magnétique - Silver,39.000 TND
MOTO | SPORTS & LOISIRS,Entretien Et Nettoyant Auto,Accessoires Voiture,Tapis De Voiture Deux Places - Rose,39.000 TND
MOTO | SPORTS & LOISIRS,Entretien Et Nettoyant Auto,Accessoires Voiture,Tapis De Voiture Deux Places - Rose,55.000 TND
MOTO | SPORTS & LOISIRS,Entretien Et Nettoyant Auto,Accessoires Voiture,Support Voiture Électrique Pour Téléphone portable Avec Chargeur Rapide - Gold,39.000 TND
MOTO | SPORTS & LOISIRS,Entretien Et Nettoyant Auto,Accessoires Voiture,Support Voiture Électrique Pour Téléphone portable Avec Chargeur Rapide - Gold,55.000 TND
MOTO | SPORTS & LOISIRS,Entretien Et Nettoyant Auto,Accessoires Voiture,Support Voiture HOCO CA36 Magnétique - Rouge,39.000 TND
MOTO | SPORTS & LOISIRS,Entretien Et Nettoyant Auto,Accessoires Voiture,Support Voiture HOCO CA36 Magnétique - Rouge,39.000 TND
MOTO | SPORTS & LOISIRS,Entretien Et Nettoyant Auto,Accessoires Voiture,Jeux De Lumière Pour Voiture Avec Télécommande ,39.000 TND
MOTO | SPORTS & LOISIRS,Entretien Et Nettoyant Auto,Accessoires Voiture,Jeux De Lumière Pour Voiture Avec Télécommande ,39.000 TND
MOTO | SPORTS & LOISIRS,Entretien Et Nettoyant Auto,Accessoires Voiture,Support de Voiture KAKU KSC-473B Pour Téléphone Portable,49.000 TND
MOTO | SPORTS & LOISIRS,Entretien Et Nettoyant Auto,Accessoires Voiture,Support de Voiture KAKU KSC-473B Pour Téléphone Portable,49.000 TND
MOTO | SPORTS & LOISIRS,Entretien Et Nettoyant Auto,Accessoires Voiture,Support de Voiture KAKU KSC-473A Pour Téléphone Portable,49.000 TND
MOTO | SPORTS & LOISIRS,Entretien Et Nettoyant Auto,Accessoires Voiture,Support de Voiture KAKU KSC-473A Pour Téléphone Portable,49.000 TND
MOTO | SPORTS & LOISIRS,Entretien Et Nettoyant Auto,Accessoires Voiture,Vérin Hydraulique 10 Tonnes,49.000 TND
MOTO | SPORTS & LOISIRS,Entretien Et Nettoyant Auto,Accessoires Voiture,Vérin Hydraulique 10 Tonnes,49.000 TND
MOTO | SPORTS & LOISIRS,Sports,Sports Collectifs,Ballon de Foot B0012 - Couleur Assortis ,22.000 TND
MOTO | SPORTS & LOISIRS,Sports,Sports Collectifs,Ballon de Foot B0012 - Couleur Assortis ,22.000 TND
MOTO | SPORTS & LOISIRS,Sports,Sports Collectifs,Ballon de Basket-Ball Pour Enfant & Adulte (03020001),29.000 TND
MOTO | SPORTS & LOISIRS,Sports,Sports Collectifs,Ballon de Basket-Ball Pour Enfant & Adulte (03020001),29.000 TND
MOTO | SPORTS & LOISIRS,Sports,Sports Collectifs,Ballon de Rugby ZIMOTA Tb League - Blanc&Bleu,49.000 TND
MOTO | SPORTS & LOISIRS,Sports,Sports Collectifs,Ballon de Rugby ZIMOTA Tb League - Blanc&Bleu,49.000 TND
MOTO | SPORTS & LOISIRS,Sports,Sports Collectifs,Ballon de Foot ZIMOTA Tb Gold - Gold&Blanc ,54.000 TND
MOTO | SPORTS & LOISIRS,Sports,Sports Collectifs,Ballon de Foot ZIMOTA Tb Gold - Gold&Blanc ,54.000 TND
MOTO | SPORTS & LOISIRS,Sports,Sports Collectifs,Ballon de Volleyball MIKASA Official Beach Star,59.000 TND
MOTO | SPORTS & LOISIRS,Sports,Sports Collectifs,Ballon de Volleyball MIKASA Official Beach Star,59.000 TND
MOTO | SPORTS & LOISIRS,Sports,Sports Collectifs,Ballon de Volleyball MIKASA Original MVA 380K - Jaune&Bleu,71.900 TND
MOTO | SPORTS & LOISIRS,Sports,Sports Collectifs,Ballon de Volleyball MIKASA Original MVA 380K - Jaune&Bleu,71.900 TND
MOTO | SPORTS & LOISIRS,Sports,Sports Collectifs,Ballon de Foot ZIMOTA Tb Silver - Orange et Blanc,95.000 TND
MOTO | SPORTS & LOISIRS,Sports,Sports Collectifs,Ballon de Foot ZIMOTA Tb Silver - Orange et Blanc,95.000 TND
MOTO | SPORTS & LOISIRS,Sports,Sports Collectifs,Ballon de Volleyball MIKASA Official SV-3 - Jaune&Bleu,109.000 TND
MOTO | SPORTS & LOISIRS,Sports,Sports Collectifs,Ballon de Volleyball MIKASA Official SV-3 - Jaune&Bleu,109.000 TND
MOTO | SPORTS & LOISIRS,Bicyclettes,Bicyclette enfant,Vélo Enfant RODEO Bugatti Pour Garçon 16" - Blanc&Rouge,275.000 TND
MOTO | SPORTS & LOISIRS,Bicyclettes,Bicyclette enfant,Vélo Enfant RODEO Bugatti Pour Garçon 16" - Blanc&Rouge,275.000 TND
MOTO | SPORTS & LOISIRS,Bicyclettes,Bicyclette enfant,Vélo Enfant RODEO Ferrari Pour Garçon 16" - Rouge&Noir,275.000 TND
MOTO | SPORTS & LOISIRS,Bicyclettes,Bicyclette enfant,Vélo Enfant RODEO Ferrari Pour Garçon 16" - Rouge&Noir,275.000 TND
MOTO | SPORTS & LOISIRS,Bicyclettes,Bicyclette enfant,Vélo Enfant RODEO Lomborghini Pour Garçon 16" - Noir&Jaune,275.000 TND
MOTO | SPORTS & LOISIRS,Bicyclettes,Bicyclette enfant,Vélo Enfant RODEO Lomborghini Pour Garçon 16" - Noir&Jaune,275.000 TND
MOTO | SPORTS & LOISIRS,Bicyclettes,Bicyclette enfant,Vélo Enfant PRADO Bellerina 20" Pour Fille - Rose,279.000 TND
MOTO | SPORTS & LOISIRS,Bicyclettes,Bicyclette enfant,Vélo Enfant PRADO Bellerina 20" Pour Fille - Rose,279.000 TND
MOTO | SPORTS & LOISIRS,Bicyclettes,Bicyclette enfant,Vélo Pour Garçon RODEO Harley 12-16" - Noir,289.000 TND
MOTO | SPORTS & LOISIRS,Bicyclettes,Bicyclette enfant,Vélo Pour Garçon RODEO Harley 12-16" - Noir,350.000 TND
MOTO | SPORTS & LOISIRS,Bicyclettes,Bicyclette enfant,Vélo Enfant RODEO Ferrari 20" Pour Garçon - Rouge&Blanc,289.000 TND
MOTO | SPORTS & LOISIRS,Bicyclettes,Bicyclette enfant,Vélo Enfant RODEO Ferrari 20" Pour Garçon - Rouge&Blanc,350.000 TND
MOTO | SPORTS & LOISIRS,Bicyclettes,Bicyclette enfant,Vélo Enfant RODEO Bugatti 20" Pour Garçon - Blan&Rouge,295.000 TND
MOTO | SPORTS & LOISIRS,Bicyclettes,Bicyclette enfant,Vélo Enfant RODEO Bugatti 20" Pour Garçon - Blan&Rouge,295.000 TND
MOTO | SPORTS & LOISIRS,Bicyclettes,Bicyclette enfant,Vélo Enfant RODEO Lamborghini 20" Pour Garçon - Noir&Jaune,295.000 TND
MOTO | SPORTS & LOISIRS,Bicyclettes,Bicyclette enfant,Vélo Enfant RODEO Lamborghini 20" Pour Garçon - Noir&Jaune,295.000 TND
MOTO | SPORTS & LOISIRS,Bicyclettes,Bicyclette enfant,Vélo Enfant RODEO 20" Avec 6 Vitesses - Noir,295.000 TND
MOTO | SPORTS & LOISIRS,Bicyclettes,Bicyclette enfant,Vélo Enfant RODEO 20" Avec 6 Vitesses - Noir,295.000 TND
MOTO | SPORTS & LOISIRS,Bicyclettes,Bicyclette enfant,Vélo Enfant RODEO 20" Avec 6 Vitesses - Gris,359.000 TND
MOTO | SPORTS & LOISIRS,Bicyclettes,Bicyclette enfant,Vélo Enfant RODEO 20" Avec 6 Vitesses - Gris,359.000 TND
MOTO | SPORTS & LOISIRS,Sports,Fitness & Musculation,Appareil de Fitness, Vélo Elliptique,Pack ZIMOTA Vélo Elliptique E21 Bleu + Micro Casque Sans Fil Noir ,659.000 TND
MOTO | SPORTS & LOISIRS,Sports,Fitness & Musculation,Appareil de Fitness, Vélo Elliptique,Pack ZIMOTA Vélo Elliptique E21 Bleu + Micro Casque Sans Fil Noir ,699.000 TND
MOTO | SPORTS & LOISIRS,Sports,Fitness & Musculation,Appareil de Fitness, Vélo Elliptique,Vélo Elliptique ZIMOTA E25 - Noir,659.000 TND
MOTO | SPORTS & LOISIRS,Sports,Fitness & Musculation,Appareil de Fitness, Vélo Elliptique,Vélo Elliptique ZIMOTA E25 - Noir,699.000 TND
MOTO | SPORTS & LOISIRS,Sports,Fitness & Musculation,Appareil de Fitness, Vélo Elliptique,Vélo Bike BT FITNESS BT20030 - Gris,929.000 TND
MOTO | SPORTS & LOISIRS,Sports,Fitness & Musculation,Appareil de Fitness, Vélo Elliptique,Vélo Bike BT FITNESS BT20030 - Gris,929.000 TND
MOTO | SPORTS & LOISIRS,Sports,Fitness & Musculation,Appareil de Fitness, Vélo Elliptique,Vélo Elliptique BT FITNESS BT10030 - Gris,1 339.000 TND
MOTO | SPORTS & LOISIRS,Sports,Fitness & Musculation,Appareil de Fitness, Vélo Elliptique,Vélo Elliptique BT FITNESS BT10030 - Gris,1 339.000 TND
MOTO | SPORTS & LOISIRS,Sports,Fitness & Musculation,Appareil de Fitness, Vélo Elliptique,Vélo Elliptique Zimota E61 - Noir&Rouge,1 489.000 TND
MOTO | SPORTS & LOISIRS,Sports,Fitness & Musculation,Appareil de Fitness, Vélo Elliptique,Vélo Elliptique Zimota E61 - Noir&Rouge,1 489.000 TND
MOTO | SPORTS & LOISIRS,Sports,Fitness & Musculation,Appareil de Fitness, Vélo Elliptique,Vélo Elliptique HAMMER FINNLO Loxon - Gris,1 559.000 TND
MOTO | SPORTS & LOISIRS,Sports,Fitness & Musculation,Appareil de Fitness, Vélo Elliptique,Vélo Elliptique HAMMER FINNLO Loxon - Gris,1 559.000 TND
MOTO | SPORTS & LOISIRS,Sports,Fitness & Musculation,Appareil de Fitness,Tapis Roulant, Tapis Roulant ZIMOTA 1100 13Km/h - Noir&Blanc,1 459.000 TND
MOTO | SPORTS & LOISIRS,Sports,Fitness & Musculation,Appareil de Fitness,Tapis Roulant, Tapis Roulant ZIMOTA 1100 13Km/h - Noir&Blanc,1 459.000 TND
MOTO | SPORTS & LOISIRS,Sports,Fitness & Musculation,Appareil de Fitness,Tapis Roulant,Tapis Roulant TOORX MOTION,1 699.000 TND
MOTO | SPORTS & LOISIRS,Sports,Fitness & Musculation,Appareil de Fitness,Tapis Roulant,Tapis Roulant TOORX MOTION,1 699.000 TND
MOTO | SPORTS & LOISIRS,Sports,Fitness & Musculation,Appareil de Fitness,Tapis Roulant, Tapis Roulant ZIMOTA 1380 13Km/h - Noir&Blanc,1 799.000 TND
MOTO | SPORTS & LOISIRS,Sports,Fitness & Musculation,Appareil de Fitness,Tapis Roulant, Tapis Roulant ZIMOTA 1380 13Km/h - Noir&Blanc,1 799.000 TND
MOTO | SPORTS & LOISIRS,Sports,Fitness & Musculation,Appareil de Fitness,Tapis Roulant,Tapis Roulant HAMMER Race Runner 2000M + 2 Bracelets Lesté Lycra Sveltus 2Kg Offerts,1 999.000 TND
MOTO | SPORTS & LOISIRS,Sports,Fitness & Musculation,Appareil de Fitness,Tapis Roulant,Tapis Roulant HAMMER Race Runner 2000M + 2 Bracelets Lesté Lycra Sveltus 2Kg Offerts,1 999.000 TND
MOTO | SPORTS & LOISIRS,Sports,Fitness & Musculation,Appareil de Fitness,Tapis Roulant,Tapis Roulant HAMMER 4326 Life Runner LR16i 16 Km/h,2 419.000 TND
MOTO | SPORTS & LOISIRS,Sports,Fitness & Musculation,Appareil de Fitness,Tapis Roulant,Tapis Roulant HAMMER 4326 Life Runner LR16i 16 Km/h,2 419.000 TND
MOTO | SPORTS & LOISIRS,Sports,Fitness & Musculation,Appareil de Fitness,Tapis Roulant,Tapis Roulant ZIMOTA 3810 16Km/h - Noir&Blanc,2 599.000 TND
MOTO | SPORTS & LOISIRS,Sports,Fitness & Musculation,Appareil de Fitness,Tapis Roulant,Tapis Roulant ZIMOTA 3810 16Km/h - Noir&Blanc,2 599.000 TND
MOTO | SPORTS & LOISIRS,Sports,Fitness & Musculation,Appareil de Fitness,Tapis Roulant,Tapis Roulant HAMMER 4329 Life Runner LR18i 18 Km/h,3 379.000 TND
MOTO | SPORTS & LOISIRS,Sports,Fitness & Musculation,Appareil de Fitness,Tapis Roulant,Tapis Roulant HAMMER 4329 Life Runner LR18i 18 Km/h,3 379.000 TND
MOTO | SPORTS & LOISIRS,Sports,Fitness & Musculation,Appareil de Fitness,Tapis Roulant,Tapis Roulant HAMMER 4336 Race Runner 2200I 22 Km/h - Noir,3 889.000 TND
MOTO | SPORTS & LOISIRS,Sports,Fitness & Musculation,Appareil de Fitness,Tapis Roulant,Tapis Roulant HAMMER 4336 Race Runner 2200I 22 Km/h - Noir,3 889.000 TND
MOTO | SPORTS & LOISIRS,Sports,Fitness & Musculation,Appareil de Fitness,Tapis Roulant,Tapis Roulant HAMMER 3510 Technum 4 Finnlo 18 Km/h,3 989.000 TND
MOTO | SPORTS & LOISIRS,Sports,Fitness & Musculation,Appareil de Fitness,Tapis Roulant,Tapis Roulant HAMMER 3510 Technum 4 Finnlo 18 Km/h,3 989.000 TND
MOTO | SPORTS & LOISIRS,Sports,Fitness & Musculation,Appareil de Fitness,Tapis Roulant,Tapis Roulant ZIMOTA 4100 - Noir,4 789.000 TND
MOTO | SPORTS & LOISIRS,Sports,Fitness & Musculation,Appareil de Fitness,Tapis Roulant,Tapis Roulant ZIMOTA 4100 - Noir,4 789.000 TND
MOTO | SPORTS & LOISIRS,Sports,Fitness & Musculation,Écrous De Fixation ZIMOTA Pour Les barres De Musculation 30mm,5.900 TND
MOTO | SPORTS & LOISIRS,Sports,Fitness & Musculation,Écrous De Fixation ZIMOTA Pour Les barres De Musculation 30mm,5.900 TND
MOTO | SPORTS & LOISIRS,Sports,Fitness & Musculation,ZIMOTA Poignée De Musculation en Plastique,10.900 TND
MOTO | SPORTS & LOISIRS,Sports,Fitness & Musculation,ZIMOTA Poignée De Musculation en Plastique,10.900 TND
MOTO | SPORTS & LOISIRS,Sports,Fitness & Musculation,Paire Haltères Vinyle SVELTUS 0.5kg - Bleu ciel ,12.500 TND
MOTO | SPORTS & LOISIRS,Sports,Fitness & Musculation,Paire Haltères Vinyle SVELTUS 0.5kg - Bleu ciel ,12.500 TND
MOTO | SPORTS & LOISIRS,Sports,Fitness & Musculation,Coudière Élastique BODY SCULPTURE Taille Large - Gris,16.000 TND
MOTO | SPORTS & LOISIRS,Sports,Fitness & Musculation,Coudière Élastique BODY SCULPTURE Taille Large - Gris,16.000 TND
MOTO | SPORTS & LOISIRS,Sports,Fitness & Musculation,Gant de Musculation TOORX Taille XL ( AHF-040-XL ),16.900 TND
MOTO | SPORTS & LOISIRS,Sports,Fitness & Musculation,Gant de Musculation TOORX Taille XL ( AHF-040-XL ),16.900 TND
MOTO | SPORTS & LOISIRS,Sports,Fitness & Musculation,Genouillère Élastique BODY SCULPTURE Taille Large - Noir,20.000 TND
MOTO | SPORTS & LOISIRS,Sports,Fitness & Musculation,Genouillère Élastique BODY SCULPTURE Taille Large - Noir,20.000 TND
MOTO | SPORTS & LOISIRS,Sports,Fitness & Musculation,Support De Cuisse Élastique BODY SCULPTURE Taille Moyenne - Gris,20.000 TND
MOTO | SPORTS & LOISIRS,Sports,Fitness & Musculation,Support De Cuisse Élastique BODY SCULPTURE Taille Moyenne - Gris,20.000 TND
MOTO | SPORTS & LOISIRS,Sports,Fitness & Musculation,Slim Waist Toner BODY SCULPTURE - Noir,22.400 TND
MOTO | SPORTS & LOISIRS,Sports,Fitness & Musculation,Slim Waist Toner BODY SCULPTURE - Noir,22.400 TND
MOTO | SPORTS & LOISIRS,Sports,Fitness & Musculation,Ceinture De Fitness ZIMOTA avec taille Standard - Noir,26.900 TND
MOTO | SPORTS & LOISIRS,Sports,Fitness & Musculation,Ceinture De Fitness ZIMOTA avec taille Standard - Noir,26.900 TND
MOTO | SPORTS & LOISIRS,Sports,Fitness & Musculation,Gant de Musculation TOORX Taille L ( AHF-041-L ),27.900 TND
MOTO | SPORTS & LOISIRS,Sports,Fitness & Musculation,Gant de Musculation TOORX Taille L ( AHF-041-L ),27.900 TND
MOTO | SPORTS & LOISIRS,Sports,Gymnastique,Corde de Traction pour Entrainement des Triceps TOORX CDTN,52.000 TND
MOTO | SPORTS & LOISIRS,Sports,Gymnastique,Corde de Traction pour Entrainement des Triceps TOORX CDTN,52.000 TND
MOTO | SPORTS & LOISIRS,Sports,Gymnastique,Matelas De Fitness ZIMOTA NBR ZMT PRO 1.5 cm - Vert,52.900 TND
MOTO | SPORTS & LOISIRS,Sports,Gymnastique,Matelas De Fitness ZIMOTA NBR ZMT PRO 1.5 cm - Vert,52.900 TND
MOTO | SPORTS & LOISIRS,Sports,Gymnastique,Gym Ball BODY SCULPTURE 65cm - Silver,74.000 TND
MOTO | SPORTS & LOISIRS,Sports,Gymnastique,Gym Ball BODY SCULPTURE 65cm - Silver,95.000 TND
MOTO | SPORTS & LOISIRS,Sports,Gymnastique,Ensemble De Gym BODY SCULPTURE B-5510GPK-B - Rose,74.000 TND
MOTO | SPORTS & LOISIRS,Sports,Gymnastique,Ensemble De Gym BODY SCULPTURE B-5510GPK-B - Rose,95.000 TND
MOTO | SPORTS & LOISIRS,Bicyclettes,Bicyclettes VTT,Bicyclette VTT PRADO Bliss 18 Vitesses 24" - Noir&Bleu,479.000 TND
MOTO | SPORTS & LOISIRS,Bicyclettes,Bicyclettes VTT,Bicyclette VTT PRADO Bliss 18 Vitesses 24" - Noir&Bleu,479.000 TND
MOTO | SPORTS & LOISIRS,Bicyclettes,Bicyclettes VTT,Bicyclette VTT PRADO Bliss 18 Vitesses 24" - Noir&Blanc,479.000 TND
MOTO | SPORTS & LOISIRS,Bicyclettes,Bicyclettes VTT,Bicyclette VTT PRADO Bliss 18 Vitesses 24" - Noir&Blanc,479.000 TND
MOTO | SPORTS & LOISIRS,Bicyclettes,Bicyclettes VTT,Bicyclette VTT PRADO Bliss 18 Vitesses 26" - Noir&Jaune,489.000 TND
MOTO | SPORTS & LOISIRS,Bicyclettes,Bicyclettes VTT,Bicyclette VTT PRADO Bliss 18 Vitesses 26" - Noir&Jaune,489.000 TND
MOTO | SPORTS & LOISIRS,Bicyclettes,Bicyclettes VTT,Bicyclette VTT PRADO Bliss 18 Vitesses 26" - Noir Mate&Jaune,489.000 TND
MOTO | SPORTS & LOISIRS,Bicyclettes,Bicyclettes VTT,Bicyclette VTT PRADO Bliss 18 Vitesses 26" - Noir Mate&Jaune,489.000 TND
MOTO | SPORTS & LOISIRS,Bicyclettes,Bicyclettes VTT,Bicyclette VTT PRADO Bliss 18 Vitesses 26" - Noir&Rouge,489.000 TND
MOTO | SPORTS & LOISIRS,Bicyclettes,Bicyclettes VTT,Bicyclette VTT PRADO Bliss 18 Vitesses 26" - Noir&Rouge,489.000 TND
MOTO | SPORTS & LOISIRS,Bicyclettes,Bicyclettes VTT,Bicyclette VTT PRADO Bliss 18 Vitesses 26" - Noir&Silver,489.000 TND
MOTO | SPORTS & LOISIRS,Bicyclettes,Bicyclettes VTT,Bicyclette VTT PRADO Bliss 18 Vitesses 26" - Noir&Silver,489.000 TND
MOTO | SPORTS & LOISIRS,Bicyclettes,Bicyclettes VTT,Bicyclette VTT PRADO Bliss 18 Vitesses 26" - Noir&Bleu,489.000 TND
MOTO | SPORTS & LOISIRS,Bicyclettes,Bicyclettes VTT,Bicyclette VTT PRADO Bliss 18 Vitesses 26" - Noir&Bleu,489.000 TND
MOTO | SPORTS & LOISIRS,Bicyclettes,Bicyclettes VTT,Bicyclette RODEO 6020-FB Star Wars 20" - Noir & Rouge,499.000 TND
MOTO | SPORTS & LOISIRS,Bicyclettes,Bicyclettes VTT,Bicyclette RODEO 6020-FB Star Wars 20" - Noir & Rouge,579.000 TND
MOTO | SPORTS & LOISIRS,Bicyclettes,Bicyclettes VTT,Bicyclette VTT RODEO 24" Blast 18 Vitesses - Noir,499.000 TND
MOTO | SPORTS & LOISIRS,Bicyclettes,Bicyclettes VTT,Bicyclette VTT RODEO 24" Blast 18 Vitesses - Noir,579.000 TND
MOTO | SPORTS & LOISIRS,Bicyclettes,Bicyclettes VTT,Bicyclette VTT RODEO 24" Blast 18 Vitesses - Rouge,509.000 TND
MOTO | SPORTS & LOISIRS,Bicyclettes,Bicyclettes VTT,Bicyclette VTT RODEO 24" Blast 18 Vitesses - Rouge,509.000 TND
MOTO | SPORTS & LOISIRS,Bicyclettes,Bicyclette enfant,Vélo Enfant RODEO 20" Avec 6 Vitesses - Bleu,359.000 TND
MOTO | SPORTS & LOISIRS,Bicyclettes,Bicyclette enfant,Vélo Enfant RODEO 20" Avec 6 Vitesses - Bleu,359.000 TND
MOTO | SPORTS & LOISIRS,Bicyclettes,Bicyclette enfant,Vélo Enfant RODEO 20" Avec 6 Vitesses - Rouge,359.000 TND
MOTO | SPORTS & LOISIRS,Bicyclettes,Bicyclette enfant,Vélo Enfant RODEO 20" Avec 6 Vitesses - Rouge,359.000 TND
MOTO | SPORTS & LOISIRS,Entretien Et Nettoyant Auto,Accessoires Voiture,Tapis pour Voiture SUN FRESH Galaxy 4 Pièces - Noir,69.000 TND
MOTO | SPORTS & LOISIRS,Entretien Et Nettoyant Auto,Accessoires Voiture,Tapis pour Voiture SUN FRESH Galaxy 4 Pièces - Noir,69.000 TND
MOTO | SPORTS & LOISIRS,Entretien Et Nettoyant Auto,Accessoires Voiture,Tapis pour Voiture SUN FRESH MAT 4 Pièces - Noir,69.000 TND
MOTO | SPORTS & LOISIRS,Entretien Et Nettoyant Auto,Accessoires Voiture,Tapis pour Voiture SUN FRESH MAT 4 Pièces - Noir,69.000 TND
MOTO | SPORTS & LOISIRS,Entretien Et Nettoyant Auto,Accessoires Voiture,Cric Hydraulique 2 Tonnes DT1502,89.000 TND
MOTO | SPORTS & LOISIRS,Entretien Et Nettoyant Auto,Accessoires Voiture,Cric Hydraulique 2 Tonnes DT1502,99.000 TND
MOTO | SPORTS & LOISIRS,Entretien Et Nettoyant Auto,Accessoires Voiture,Vérin Hydraulique 32 Tonnes,89.000 TND
MOTO | SPORTS & LOISIRS,Entretien Et Nettoyant Auto,Accessoires Voiture,Vérin Hydraulique 32 Tonnes,99.000 TND
MOTO | SPORTS & LOISIRS,Entretien Et Nettoyant Auto,Accessoires Voiture,Rétroviseur Voiture Intérieur Blackbox avec Caméra Arrière,119.000 TND
MOTO | SPORTS & LOISIRS,Entretien Et Nettoyant Auto,Accessoires Voiture,Rétroviseur Voiture Intérieur Blackbox avec Caméra Arrière,119.000 TND
MOTO | SPORTS & LOISIRS,Entretien Et Nettoyant Auto,Accessoires Voiture,Compresseur D'air électrique portable XIAOMI MI Multiusage (BHR5277GL),139.000 TND
MOTO | SPORTS & LOISIRS,Entretien Et Nettoyant Auto,Accessoires Voiture,Compresseur D'air électrique portable XIAOMI MI Multiusage (BHR5277GL),139.000 TND
MOTO | SPORTS & LOISIRS,Entretien Et Nettoyant Auto,Accessoires Voiture,Onduleur De Voiture 600W (SAA-600A),149.000 TND
MOTO | SPORTS & LOISIRS,Entretien Et Nettoyant Auto,Accessoires Voiture,Onduleur De Voiture 600W (SAA-600A),149.000 TND
MOTO | SPORTS & LOISIRS,Entretien Et Nettoyant Auto,Accessoires Voiture,Rétroviseur Voiture A28 Avec Caméra Arrière Et Avant ,159.000 TND
MOTO | SPORTS & LOISIRS,Entretien Et Nettoyant Auto,Accessoires Voiture,Rétroviseur Voiture A28 Avec Caméra Arrière Et Avant ,159.000 TND
MOTO | SPORTS & LOISIRS,Entretien Et Nettoyant Auto,Accessoires Voiture,Camera Pour Voiture FULL HD Recorder,169.000 TND
MOTO | SPORTS & LOISIRS,Entretien Et Nettoyant Auto,Accessoires Voiture,Camera Pour Voiture FULL HD Recorder,239.000 TND
MOTO | SPORTS & LOISIRS,Entretien Et Nettoyant Auto,Accessoires Voiture,Camera Pour Voiture Avant A39 ,169.000 TND
MOTO | SPORTS & LOISIRS,Entretien Et Nettoyant Auto,Accessoires Voiture,Camera Pour Voiture Avant A39 ,239.000 TND
MOTO | SPORTS & LOISIRS,Sports,Sport de Combat,Sac De Boxe & Gants En Filet Pour Enfants,39.000 TND
MOTO | SPORTS & LOISIRS,Sports,Sport de Combat,Sac De Boxe & Gants En Filet Pour Enfants,59.000 TND
MOTO | SPORTS & LOISIRS,Sports,Sport de Combat,Protège Tête ZIMOTA 8003 Noir,39.000 TND
MOTO | SPORTS & LOISIRS,Sports,Sport de Combat,Protège Tête ZIMOTA 8003 Noir,59.000 TND
MOTO | SPORTS & LOISIRS,Sports,Sport de Combat,Gants de Boxe COUGAR TOORX BOT-012 L/XL,74.500 TND
MOTO | SPORTS & LOISIRS,Sports,Sport de Combat,Gants de Boxe COUGAR TOORX BOT-012 L/XL,74.500 TND
MOTO | SPORTS & LOISIRS,Sports,Sport de Combat,Gants de Boxe COUGAR TOORX BOT-011 S/M ,75.000 TND
MOTO | SPORTS & LOISIRS,Sports,Sport de Combat,Gants de Boxe COUGAR TOORX BOT-011 S/M ,75.000 TND
MOTO | SPORTS & LOISIRS,Sports,Sport de Combat,Gants de Boxe HAMMER Fitness 10 OZ (93810),75.000 TND
MOTO | SPORTS & LOISIRS,Sports,Sport de Combat,Gants de Boxe HAMMER Fitness 10 OZ (93810),75.000 TND
MOTO | SPORTS & LOISIRS,Sports,Sport de Combat, Sac De Boxe KIF SPORT 80CM Ø 27,89.000 TND
MOTO | SPORTS & LOISIRS,Sports,Sport de Combat, Sac De Boxe KIF SPORT 80CM Ø 27,89.000 TND
MOTO | SPORTS & LOISIRS,Sports,Sport de Combat,Sac De Boxe KIF SPORT 1m Ø 27,89.900 TND
MOTO | SPORTS & LOISIRS,Sports,Sport de Combat,Sac De Boxe KIF SPORT 1m Ø 27,89.900 TND
MOTO | SPORTS & LOISIRS,Sports,Sport de Combat,Sac De Boxe KIF SPORT 1.20m Ø 30,102.000 TND
MOTO | SPORTS & LOISIRS,Sports,Sport de Combat,Sac De Boxe KIF SPORT 1.20m Ø 30,102.000 TND
MOTO | SPORTS & LOISIRS,Sports,Sport de Combat,Gants de Boxe HAMMER 95412 L/XL,139.000 TND
MOTO | SPORTS & LOISIRS,Sports,Sport de Combat,Gants de Boxe HAMMER 95412 L/XL,139.000 TND
MOTO | SPORTS & LOISIRS,Sports,Sport de Combat,Sac De Frappe TOORX 1M Noir,169.000 TND
MOTO | SPORTS & LOISIRS,Sports,Sport de Combat,Sac De Frappe TOORX 1M Noir,169.000 TND
MOTO | SPORTS & LOISIRS,Sports,Fitness & Musculation,Appareil de Fitness,Tapis Roulant,Tapis Roulant HAMMER 3512 Endurance 4 Finnlo 22 Km/h,5 349.000 TND
MOTO | SPORTS & LOISIRS,Sports,Fitness & Musculation,Appareil de Fitness,Tapis Roulant,Tapis Roulant HAMMER 3512 Endurance 4 Finnlo 22 Km/h,5 349.000 TND
MOTO | SPORTS & LOISIRS,Sports,Fitness & Musculation,Appareil de Fitness,Tapis Roulant,Tapis Roulant HAMMER 4332 Life Runner LR22i 22 Km/h,5 479.000 TND
MOTO | SPORTS & LOISIRS,Sports,Fitness & Musculation,Appareil de Fitness,Tapis Roulant,Tapis Roulant HAMMER 4332 Life Runner LR22i 22 Km/h,5 479.000 TND
MOTO | SPORTS & LOISIRS,Sports,Fitness & Musculation,Appareil de Fitness,Tapis Roulant,Tapis Roulant PARCOURS FITNESS Q7 TFT 20Km/h - Noir,5 998.000 TND
MOTO | SPORTS & LOISIRS,Sports,Fitness & Musculation,Appareil de Fitness,Tapis Roulant,Tapis Roulant PARCOURS FITNESS Q7 TFT 20Km/h - Noir,6 498.000 TND
MOTO | SPORTS & LOISIRS,Sports,Fitness & Musculation,Appareil de Fitness,Tapis Roulant,Tapis Roulant HAMMER 3513 FINNLO 22 Km/h - 3513,5 998.000 TND
MOTO | SPORTS & LOISIRS,Sports,Fitness & Musculation,Appareil de Fitness,Tapis Roulant,Tapis Roulant HAMMER 3513 FINNLO 22 Km/h - 3513,6 498.000 TND
MOTO | SPORTS & LOISIRS,Nutrition Sportive,Shaker,Sportive Shaker MAX PLAST 780ml - Rose,11.500 TND
MOTO | SPORTS & LOISIRS,Nutrition Sportive,Shaker,Sportive Shaker MAX PLAST 780ml - Rose,16.000 TND
MOTO | SPORTS & LOISIRS,Sports,Fitness & Musculation,Gant de Musculation ZIMOTA 3.0 ,29.900 TND
MOTO | SPORTS & LOISIRS,Sports,Fitness & Musculation,Gant de Musculation ZIMOTA 3.0 ,29.900 TND
MOTO | SPORTS & LOISIRS,Sports,Fitness & Musculation,Balance Board ZIMOTA - Noir (01040010),29.900 TND
MOTO | SPORTS & LOISIRS,Sports,Fitness & Musculation,Balance Board ZIMOTA - Noir (01040010),29.900 TND
MOTO | SPORTS & LOISIRS,Sports,Fitness & Musculation,Haltère souple KIF SPORT pour cheville et poignet 1.5 kg - Bleu&Vert,33.900 TND
MOTO | SPORTS & LOISIRS,Sports,Fitness & Musculation,Haltère souple KIF SPORT pour cheville et poignet 1.5 kg - Bleu&Vert,33.900 TND
MOTO | SPORTS & LOISIRS,Sports,Fitness & Musculation,Gant de Musculation BODY SCULPTURE De Taille S - Noir,35.000 TND
MOTO | SPORTS & LOISIRS,Sports,Fitness & Musculation,Gant de Musculation BODY SCULPTURE De Taille S - Noir,35.000 TND
MOTO | SPORTS & LOISIRS,Sports,Fitness & Musculation,Gant de Musculation BODY SCULPTURE De Taille M - Noir,35.000 TND
MOTO | SPORTS & LOISIRS,Sports,Fitness & Musculation,Gant de Musculation BODY SCULPTURE De Taille M - Noir,35.000 TND
MOTO | SPORTS & LOISIRS,Sports,Fitness & Musculation,Gant de Musculation BODY SCULPTURE Taille L (BW-84UL-H),35.000 TND
MOTO | SPORTS & LOISIRS,Sports,Fitness & Musculation,Gant de Musculation BODY SCULPTURE Taille L (BW-84UL-H),35.000 TND
MOTO | SPORTS & LOISIRS,Sports,Fitness & Musculation,Haltère Souple KIF SPORT Pour Cheville et Poignet 2 kg - Bleu&Vert,45.000 TND
MOTO | SPORTS & LOISIRS,Sports,Fitness & Musculation,Haltère Souple KIF SPORT Pour Cheville et Poignet 2 kg - Bleu&Vert,45.000 TND
MOTO | SPORTS & LOISIRS,Sports,Fitness & Musculation,Gant de Musculation BODY SCULPTURE Taille S - Noir (BW-95US-H),47.000 TND
MOTO | SPORTS & LOISIRS,Sports,Fitness & Musculation,Gant de Musculation BODY SCULPTURE Taille S - Noir (BW-95US-H),47.000 TND
MOTO | SPORTS & LOISIRS,Sports,Fitness & Musculation,Gant de Musculation BODY SCULPTURE Taille M - Noir (BW-95UM-H),47.000 TND
MOTO | SPORTS & LOISIRS,Sports,Fitness & Musculation,Gant de Musculation BODY SCULPTURE Taille M - Noir (BW-95UM-H),47.000 TND
MOTO | SPORTS & LOISIRS,Sports,Fitness & Musculation,Gant de Musculation BODY SCULPTURE Taille XL (BW-95UXL-H),47.000 TND
MOTO | SPORTS & LOISIRS,Sports,Fitness & Musculation,Gant de Musculation BODY SCULPTURE Taille XL (BW-95UXL-H),47.000 TND
MOTO | SPORTS & LOISIRS,Nutrition Sportive,Prise de masse,Premium CLA+ STC NUTRITION 90 Capsules,99.000 TND
MOTO | SPORTS & LOISIRS,Nutrition Sportive,Prise de masse,Premium CLA+ STC NUTRITION 90 Capsules,99.000 TND
MOTO | SPORTS & LOISIRS,Nutrition Sportive,Prise de masse,Lean Gainer STC NUTRITION Avec Goût Chocolat - 1kg,135.000 TND
MOTO | SPORTS & LOISIRS,Nutrition Sportive,Prise de masse,Lean Gainer STC NUTRITION Avec Goût Chocolat - 1kg,135.000 TND
MOTO | SPORTS & LOISIRS,Nutrition Sportive,Sèche - Minceur,Carnitine Complex STC NUTRITION 90 Gélules Végétales,109.000 TND
MOTO | SPORTS & LOISIRS,Nutrition Sportive,Sèche - Minceur,Carnitine Complex STC NUTRITION 90 Gélules Végétales,109.000 TND
MOTO | SPORTS & LOISIRS,Nutrition Sportive,Sèche - Minceur,Micellar Casein STC NUTRITION Avec Goût Chocolat - 750gr,169.000 TND
MOTO | SPORTS & LOISIRS,Nutrition Sportive,Sèche - Minceur,Micellar Casein STC NUTRITION Avec Goût Chocolat - 750gr,169.000 TND
MOTO | SPORTS & LOISIRS,Nutrition Sportive,Protéines,Boisson Énergétique STC NUTRITION Isotonic Power Avec Goût Menthe - 525gr,79.000 TND
MOTO | SPORTS & LOISIRS,Nutrition Sportive,Protéines,Boisson Énergétique STC NUTRITION Isotonic Power Avec Goût Menthe - 525gr,79.000 TND
MOTO | SPORTS & LOISIRS,Nutrition Sportive,Protéines,Pure Whey Nature STC NUTRITION - 500gr,89.000 TND
MOTO | SPORTS & LOISIRS,Nutrition Sportive,Protéines,Pure Whey Nature STC NUTRITION - 500gr,89.000 TND
MOTO | SPORTS & LOISIRS,Nutrition Sportive,Protéines,Boisson Énergétique STC NUTRITION VO2 Max Avec Goût Orange - 525gr,99.000 TND
MOTO | SPORTS & LOISIRS,Nutrition Sportive,Protéines,Boisson Énergétique STC NUTRITION VO2 Max Avec Goût Orange - 525gr,99.000 TND
MOTO | SPORTS & LOISIRS,Nutrition Sportive,Protéines,Boisson Énergétique STC NUTRITION Recup Max Avec Goût Ananas - 525gr,99.000 TND
MOTO | SPORTS & LOISIRS,Nutrition Sportive,Protéines,Boisson Énergétique STC NUTRITION Recup Max Avec Goût Ananas - 525gr,99.000 TND
MOTO | SPORTS & LOISIRS,Nutrition Sportive,Protéines,Lean Gainer STC NUTRITION Avec Goût Chocolat - 1kg,135.000 TND
MOTO | SPORTS & LOISIRS,Nutrition Sportive,Protéines,Lean Gainer STC NUTRITION Avec Goût Chocolat - 1kg,135.000 TND
MOTO | SPORTS & LOISIRS,Nutrition Sportive,Protéines,Végétal Protein STC Nutrition Avec Goût Chocolat - 750gr ,139.000 TND
MOTO | SPORTS & LOISIRS,Nutrition Sportive,Protéines,Végétal Protein STC Nutrition Avec Goût Chocolat - 750gr ,139.000 TND
MOTO | SPORTS & LOISIRS,Nutrition Sportive,Protéines,Premium Whey STC NUTRITION Avec Goût Chocolat - 750gr,149.000 TND
MOTO | SPORTS & LOISIRS,Nutrition Sportive,Protéines,Premium Whey STC NUTRITION Avec Goût Chocolat - 750gr,149.000 TND
MOTO | SPORTS & LOISIRS,Nutrition Sportive,Protéines,Whey Muscle+ STC NUTRITION Avec Goût Chocolat - 750gr,169.000 TND
MOTO | SPORTS & LOISIRS,Nutrition Sportive,Protéines,Whey Muscle+ STC NUTRITION Avec Goût Chocolat - 750gr,169.000 TND
MOTO | SPORTS & LOISIRS,Nutrition Sportive,Protéines,Isolate 100% Pure STC NUTRITION Avec Fruits Rouge - 750 gr,199.000 TND
MOTO | SPORTS & LOISIRS,Nutrition Sportive,Protéines,Isolate 100% Pure STC NUTRITION Avec Fruits Rouge - 750 gr,199.000 TND
MOTO | SPORTS & LOISIRS,Bicyclettes,Bicyclettes VTT,Bicyclette VTT RODEO Blast 6026-B18 Double Suspension 26" - Bleu,519.000 TND
MOTO | SPORTS & LOISIRS,Bicyclettes,Bicyclettes VTT,Bicyclette VTT RODEO Blast 6026-B18 Double Suspension 26" - Bleu,519.000 TND
MOTO | SPORTS & LOISIRS,Bicyclettes,Bicyclettes VTT,Bicyclette VTT RODEO Blast 6026-B18 Double Suspension 26" - Noir,519.000 TND
MOTO | SPORTS & LOISIRS,Bicyclettes,Bicyclettes VTT,Bicyclette VTT RODEO Blast 6026-B18 Double Suspension 26" - Noir,519.000 TND
MOTO | SPORTS & LOISIRS,Bicyclettes,Bicyclettes VTT,Bicyclette VTT RODEO Blast 6026-B18 Double Suspension 26" - Rouge,519.000 TND
MOTO | SPORTS & LOISIRS,Bicyclettes,Bicyclettes VTT,Bicyclette VTT RODEO Blast 6026-B18 Double Suspension 26" - Rouge,519.000 TND
MOTO | SPORTS & LOISIRS,Bicyclettes,Bicyclettes VTT,Bicyclette VTT RODEO Blast 6026-B18 Double Suspension 26" - Bleu Marine,519.000 TND
MOTO | SPORTS & LOISIRS,Bicyclettes,Bicyclettes VTT,Bicyclette VTT RODEO Blast 6026-B18 Double Suspension 26" - Bleu Marine,519.000 TND
MOTO | SPORTS & LOISIRS,Bicyclettes,Bicyclettes VTT,Bicyclette VTT Pliable F206V 20" - Blanc,519.000 TND
MOTO | SPORTS & LOISIRS,Bicyclettes,Bicyclettes VTT,Bicyclette VTT Pliable F206V 20" - Blanc,519.000 TND
MOTO | SPORTS & LOISIRS,Bicyclettes,Bicyclettes VTT,Bicyclette VTT Pliable F206V 20" - Noir,519.000 TND
MOTO | SPORTS & LOISIRS,Bicyclettes,Bicyclettes VTT,Bicyclette VTT Pliable F206V 20" - Noir,519.000 TND
MOTO | SPORTS & LOISIRS,Bicyclettes,Bicyclettes VTT,Bicyclette VTT Pliable F206V 20"- Rouge,519.000 TND
MOTO | SPORTS & LOISIRS,Bicyclettes,Bicyclettes VTT,Bicyclette VTT Pliable F206V 20"- Rouge,519.000 TND
MOTO | SPORTS & LOISIRS,Bicyclettes,Bicyclettes VTT,Bicyclette VTT RODEO 6 Vitesses 27" Avec Torche + Cadenas Offerte - Blanc,529.000 TND
MOTO | SPORTS & LOISIRS,Bicyclettes,Bicyclettes VTT,Bicyclette VTT RODEO 6 Vitesses 27" Avec Torche + Cadenas Offerte - Blanc,599.000 TND
MOTO | SPORTS & LOISIRS,Bicyclettes,Bicyclettes VTT,Bicyclette VTT RODEO 6 Vitesses 27" Avec Torche + Cadenas Offerte - Noir,529.000 TND
MOTO | SPORTS & LOISIRS,Bicyclettes,Bicyclettes VTT,Bicyclette VTT RODEO 6 Vitesses 27" Avec Torche + Cadenas Offerte - Noir,599.000 TND
MOTO | SPORTS & LOISIRS,Bicyclettes,Bicyclettes VTT,Bicyclette VTT RODEO 6 Vitesses 27" Avec Torche + Cadenas Offerte - Silver,529.000 TND
MOTO | SPORTS & LOISIRS,Bicyclettes,Bicyclettes VTT,Bicyclette VTT RODEO 6 Vitesses 27" Avec Torche + Cadenas Offerte - Silver,599.000 TND
MOTO | SPORTS & LOISIRS,Sports,Sport de Combat, Punching Ball Professionnel TOORX BOT-036 - Noir&Rouge,299.000 TND
MOTO | SPORTS & LOISIRS,Sports,Sport de Combat, Punching Ball Professionnel TOORX BOT-036 - Noir&Rouge,299.000 TND
MOTO | SPORTS & LOISIRS,Sports,Sport de Combat,Sac de Box TOORX - 1M30,299.000 TND
MOTO | SPORTS & LOISIRS,Sports,Sport de Combat,Sac de Box TOORX - 1M30,299.000 TND
MOTO | SPORTS & LOISIRS,Sports,Sport de Combat,Protège Bras ThaïPads Hammer 85039 ,327.000 TND
MOTO | SPORTS & LOISIRS,Sports,Sport de Combat,Protège Bras ThaïPads Hammer 85039 ,327.000 TND
MOTO | SPORTS & LOISIRS,Sports,Sport de Combat,Sac de Box HAMMER 93120 Vinly Noir /Blanc,419.000 TND
MOTO | SPORTS & LOISIRS,Sports,Sport de Combat,Sac de Box HAMMER 93120 Vinly Noir /Blanc,419.000 TND
MOTO | SPORTS & LOISIRS,Sports,Sport de Combat,Robot De Box TOORX BOT-043,899.000 TND
MOTO | SPORTS & LOISIRS,Sports,Sport de Combat,Robot De Box TOORX BOT-043,899.000 TND
MOTO | SPORTS & LOISIRS,Sports,Sport de Combat,Robot KING BOXING HAMMER 92620,1 209.000 TND
MOTO | SPORTS & LOISIRS,Sports,Sport de Combat,Robot KING BOXING HAMMER 92620,1 209.000 TND
MOTO | SPORTS & LOISIRS,Sports,Fitness & Musculation,Elastiband Souple SVELTUS 20KG - Bleu,51.900 TND
MOTO | SPORTS & LOISIRS,Sports,Fitness & Musculation,Elastiband Souple SVELTUS 20KG - Bleu,51.900 TND
MOTO | SPORTS & LOISIRS,Sports,Fitness & Musculation,Appareil abdominaux SVELTUS 2601 AB Wheel Noir,53.900 TND
MOTO | SPORTS & LOISIRS,Sports,Fitness & Musculation,Appareil abdominaux SVELTUS 2601 AB Wheel Noir,53.900 TND
MOTO | SPORTS & LOISIRS,Sports,Fitness & Musculation,Barre Fixe démontable,54.900 TND
MOTO | SPORTS & LOISIRS,Sports,Fitness & Musculation,Barre Fixe démontable,69.000 TND
MOTO | SPORTS & LOISIRS,Sports,Fitness & Musculation,2 Bracelets Lesté Lycra Sveltus 2Kg - Noir,54.900 TND
MOTO | SPORTS & LOISIRS,Sports,Fitness & Musculation,2 Bracelets Lesté Lycra Sveltus 2Kg - Noir,69.000 TND
MOTO | SPORTS & LOISIRS,Sports,Fitness & Musculation, Ceinture De Fitness BODY SCULPTURE En Cuir Taille M,59.000 TND
MOTO | SPORTS & LOISIRS,Sports,Fitness & Musculation, Ceinture De Fitness BODY SCULPTURE En Cuir Taille M,59.000 TND
MOTO | SPORTS & LOISIRS,Sports,Fitness & Musculation,Haltère musculation BODY SCULPTURE 4kg - Noir,79.000 TND
MOTO | SPORTS & LOISIRS,Sports,Fitness & Musculation,Haltère musculation BODY SCULPTURE 4kg - Noir,79.000 TND
MOTO | SPORTS & LOISIRS,Sports,Fitness & Musculation,Step Aérobic BODY SCULPTURE BSB-580N,79.000 TND
MOTO | SPORTS & LOISIRS,Sports,Fitness & Musculation,Step Aérobic BODY SCULPTURE BSB-580N,79.000 TND
MOTO | SPORTS & LOISIRS,Sports,Fitness & Musculation, Kit BODY SCULPTURE BB-679,85.000 TND
MOTO | SPORTS & LOISIRS,Sports,Fitness & Musculation, Kit BODY SCULPTURE BB-679,85.000 TND
MOTO | SPORTS & LOISIRS,Sports,Fitness & Musculation,Suspension Trainer TOORX FST,89.000 TND
MOTO | SPORTS & LOISIRS,Sports,Fitness & Musculation,Suspension Trainer TOORX FST,89.000 TND
MOTO | SPORTS & LOISIRS,Sports,Fitness & Musculation,Kit Haltère ZIMOTA 10KG - Noir,115.000 TND
MOTO | SPORTS & LOISIRS,Sports,Fitness & Musculation,Kit Haltère ZIMOTA 10KG - Noir,115.000 TND
MOTO | SPORTS & LOISIRS,Bicyclettes,Bicyclettes VTT,Bicyclette VTT BEGASSO 21 Vitesses 26" - Blanc,549.000 TND
MOTO | SPORTS & LOISIRS,Bicyclettes,Bicyclettes VTT,Bicyclette VTT BEGASSO 21 Vitesses 26" - Blanc,599.000 TND
MOTO | SPORTS & LOISIRS,Bicyclettes,Bicyclettes VTT,Bicyclette VTT BEGASSO 21 Vitesses 26" - Noir,549.000 TND
MOTO | SPORTS & LOISIRS,Bicyclettes,Bicyclettes VTT,Bicyclette VTT BEGASSO 21 Vitesses 26" - Noir,599.000 TND
MOTO | SPORTS & LOISIRS,Bicyclettes,Bicyclettes VTT,Bicyclette VTT GALACTUZ 21 Vitesses 26" - Noir&Bleu,549.000 TND
MOTO | SPORTS & LOISIRS,Bicyclettes,Bicyclettes VTT,Bicyclette VTT GALACTUZ 21 Vitesses 26" - Noir&Bleu,599.000 TND
MOTO | SPORTS & LOISIRS,Bicyclettes,Bicyclettes VTT,Bicyclette RODEO 6024-FB Fat Bike Mirage 24" - Gris,549.000 TND
MOTO | SPORTS & LOISIRS,Bicyclettes,Bicyclettes VTT,Bicyclette RODEO 6024-FB Fat Bike Mirage 24" - Gris,599.000 TND
MOTO | SPORTS & LOISIRS,Bicyclettes,Bicyclettes VTT,Bicyclette VTT GALACTUZ 21 Vitesses 26" - Noir&Rouge,599.000 TND
MOTO | SPORTS & LOISIRS,Bicyclettes,Bicyclettes VTT,Bicyclette VTT GALACTUZ 21 Vitesses 26" - Noir&Rouge,599.000 TND
MOTO | SPORTS & LOISIRS,Bicyclettes,Bicyclettes VTT,Bicyclette VTT GALACTUZ 21 Vitesses 26" - Noir&Orange,599.000 TND
MOTO | SPORTS & LOISIRS,Bicyclettes,Bicyclettes VTT,Bicyclette VTT GALACTUZ 21 Vitesses 26" - Noir&Orange,599.000 TND
MOTO | SPORTS & LOISIRS,Bicyclettes,Bicyclettes VTT,Bicyclette VTT RODEO 6027-5AL Avec Cadre Aluminium 27.5" - Rose,599.000 TND
MOTO | SPORTS & LOISIRS,Bicyclettes,Bicyclettes VTT,Bicyclette VTT RODEO 6027-5AL Avec Cadre Aluminium 27.5" - Rose,599.000 TND
MOTO | SPORTS & LOISIRS,Bicyclettes,Bicyclettes VTT,Bicyclette VTT RODEO 6027-5AL Avec Cadre Aluminium 27.5" - Rouge,599.000 TND
MOTO | SPORTS & LOISIRS,Bicyclettes,Bicyclettes VTT,Bicyclette VTT RODEO 6027-5AL Avec Cadre Aluminium 27.5" - Rouge,599.000 TND
MOTO | SPORTS & LOISIRS,Bicyclettes,Bicyclettes VTT,Bicyclette VTT RODEO 6027-5AL Avec Cadre Aluminium 27.5" - Noir,929.000 TND
MOTO | SPORTS & LOISIRS,Bicyclettes,Bicyclettes VTT,Bicyclette VTT RODEO 6027-5AL Avec Cadre Aluminium 27.5" - Noir,929.000 TND
MOTO | SPORTS & LOISIRS,Bicyclettes,Bicyclettes VTT,Bicyclette VTT RODEO 6027-5AL Avec Cadre Aluminium 27.5" - Silver,929.000 TND
MOTO | SPORTS & LOISIRS,Bicyclettes,Bicyclettes VTT,Bicyclette VTT RODEO 6027-5AL Avec Cadre Aluminium 27.5" - Silver,929.000 TND
MOTO | SPORTS & LOISIRS,Sports,Fitness & Musculation,Banc abdominale KIF SPORT,149.000 TND
MOTO | SPORTS & LOISIRS,Sports,Fitness & Musculation,Banc abdominale KIF SPORT,179.000 TND
MOTO | SPORTS & LOISIRS,Sports,Fitness & Musculation,Barre de Musculation HAMMER 4607 - 180 cm,149.000 TND
MOTO | SPORTS & LOISIRS,Sports,Fitness & Musculation,Barre de Musculation HAMMER 4607 - 180 cm,179.000 TND
MOTO | SPORTS & LOISIRS,Sports,Fitness & Musculation,Gilet Lesté SVELTUS 10 Kg - 1795,184.000 TND
MOTO | SPORTS & LOISIRS,Sports,Fitness & Musculation,Gilet Lesté SVELTUS 10 Kg - 1795,184.000 TND
MOTO | SPORTS & LOISIRS,Sports,Fitness & Musculation,Appareil pour abdominaux HAMMER Finnlo AB-Dominox,195.000 TND
MOTO | SPORTS & LOISIRS,Sports,Fitness & Musculation,Appareil pour abdominaux HAMMER Finnlo AB-Dominox,195.000 TND
MOTO | SPORTS & LOISIRS,Sports,Fitness & Musculation,Mini Vélo Pédalier JOCCA 6158 - Gris,219.000 TND
MOTO | SPORTS & LOISIRS,Sports,Fitness & Musculation,Mini Vélo Pédalier JOCCA 6158 - Gris,219.000 TND
MOTO | SPORTS & LOISIRS,Sports,Fitness & Musculation,Mini Vélo Pédalier JOCCA 6158 - Noir,219.000 TND
MOTO | SPORTS & LOISIRS,Sports,Fitness & Musculation,Mini Vélo Pédalier JOCCA 6158 - Noir,219.000 TND
MOTO | SPORTS & LOISIRS,Sports,Fitness & Musculation,Paire de Disque de Musculation HAMMER 10 Kg - 4654,219.000 TND
MOTO | SPORTS & LOISIRS,Sports,Fitness & Musculation,Paire de Disque de Musculation HAMMER 10 Kg - 4654,219.000 TND
MOTO | SPORTS & LOISIRS,Sports,Fitness & Musculation,Kit Haltere ZIMOTA 20KG - Noir,232.000 TND
MOTO | SPORTS & LOISIRS,Sports,Fitness & Musculation,Kit Haltere ZIMOTA 20KG - Noir,232.000 TND
MOTO | SPORTS & LOISIRS,Sports,Fitness & Musculation,Paire Haltère musculation ZIMOTA 10kg - Noir,239.000 TND
MOTO | SPORTS & LOISIRS,Sports,Fitness & Musculation,Paire Haltère musculation ZIMOTA 10kg - Noir,239.000 TND
MOTO | SPORTS & LOISIRS,Sports,Fitness & Musculation,Mini Vélo Pédalier JOCCA 6190 - Noir&Rouge,243.000 TND
MOTO | SPORTS & LOISIRS,Sports,Fitness & Musculation,Mini Vélo Pédalier JOCCA 6190 - Noir&Rouge,319.000 TND
MOTO | SPORTS & LOISIRS,Bicyclettes,Bicyclettes VTT,Bicyclette VTT RODEO 6027-5AL Avec Cadre Aluminium 27.5" - Blanc,929.000 TND
MOTO | SPORTS & LOISIRS,Bicyclettes,Bicyclettes VTT,Bicyclette VTT RODEO 6027-5AL Avec Cadre Aluminium 27.5" - Blanc,929.000 TND
MOTO | SPORTS & LOISIRS,Bicyclettes,Bicyclettes VTT,Bicyclette VTT RODEO 6027-5AL Avec Cadre Aluminium 27.5" - Bleu,929.000 TND
MOTO | SPORTS & LOISIRS,Bicyclettes,Bicyclettes VTT,Bicyclette VTT RODEO 6027-5AL Avec Cadre Aluminium 27.5" - Bleu,929.000 TND
MOTO | SPORTS & LOISIRS,Bicyclettes,Bicyclettes VTT,Bicyclette VTT RODEO 6029AL Avec Cadre Aluminium 29" - Silver,959.000 TND
MOTO | SPORTS & LOISIRS,Bicyclettes,Bicyclettes VTT,Bicyclette VTT RODEO 6029AL Avec Cadre Aluminium 29" - Silver,959.000 TND
MOTO | SPORTS & LOISIRS,Bicyclettes,Bicyclettes VTT,Bicyclette VTT RODEO 6029AL Avec Cadre Aluminium 29" - Blanc,959.000 TND
MOTO | SPORTS & LOISIRS,Bicyclettes,Bicyclettes VTT,Bicyclette VTT RODEO 6029AL Avec Cadre Aluminium 29" - Blanc,959.000 TND
MOTO | SPORTS & LOISIRS,Bicyclettes,Bicyclettes VTT,Bicyclette VTT RODEO 6029AL Avec Cadre Aluminium 29" - Noir,959.000 TND
MOTO | SPORTS & LOISIRS,Bicyclettes,Bicyclettes VTT,Bicyclette VTT RODEO 6029AL Avec Cadre Aluminium 29" - Noir,959.000 TND
MOTO | SPORTS & LOISIRS,Bicyclettes,Bicyclettes VTT,Bicyclette VTT RODEO 6029AL Avec Cadre Aluminium 29" - Rouge,959.000 TND
MOTO | SPORTS & LOISIRS,Bicyclettes,Bicyclettes VTT,Bicyclette VTT RODEO 6029AL Avec Cadre Aluminium 29" - Rouge,959.000 TND
MOTO | SPORTS & LOISIRS,Sports,Fitness & Musculation,Banc De Musculation Six Pack Care - Noir,279.000 TND
MOTO | SPORTS & LOISIRS,Sports,Fitness & Musculation,Banc De Musculation Six Pack Care - Noir,349.000 TND
MOTO | SPORTS & LOISIRS,Sports,Fitness & Musculation,Stepper Fitness Cardio JOCCA Avec Guidon & Écran - Gris (6107),279.000 TND
MOTO | SPORTS & LOISIRS,Sports,Fitness & Musculation,Stepper Fitness Cardio JOCCA Avec Guidon & Écran - Gris (6107),349.000 TND
MOTO | SPORTS & LOISIRS,Sports,Fitness & Musculation,Mini Vélo EVERFIT WELLY-E ,349.000 TND
MOTO | SPORTS & LOISIRS,Sports,Fitness & Musculation,Mini Vélo EVERFIT WELLY-E ,429.000 TND
MOTO | SPORTS & LOISIRS,Sports,Fitness & Musculation,Grimpeur Vertical pour Gym à domicile - Noir,349.000 TND
MOTO | SPORTS & LOISIRS,Sports,Fitness & Musculation,Grimpeur Vertical pour Gym à domicile - Noir,429.000 TND
MOTO | SPORTS & LOISIRS,Sports,Fitness & Musculation,Disque de Musculation HAMMER 2X 20KG - Noir,365.000 TND
MOTO | SPORTS & LOISIRS,Sports,Fitness & Musculation,Disque de Musculation HAMMER 2X 20KG - Noir,365.000 TND
MOTO | SPORTS & LOISIRS,Sports,Fitness & Musculation,Vélo D'appartement EVERFIT BFK500 - Blanc,379.000 TND
MOTO | SPORTS & LOISIRS,Sports,Fitness & Musculation,Vélo D'appartement EVERFIT BFK500 - Blanc,449.000 TND
MOTO | SPORTS & LOISIRS,Sports,Fitness & Musculation,Kit Haltere ZIMOTA 30KG ,379.000 TND
MOTO | SPORTS & LOISIRS,Sports,Fitness & Musculation,Kit Haltere ZIMOTA 30KG ,449.000 TND
MOTO | SPORTS & LOISIRS,Sports,Fitness & Musculation,Mini Vélo EVERFIT WELLY-E-PLUS ,463.000 TND
MOTO | SPORTS & LOISIRS,Sports,Fitness & Musculation,Mini Vélo EVERFIT WELLY-E-PLUS ,463.000 TND
MOTO | SPORTS & LOISIRS,Sports,Fitness & Musculation,Rangement Haltères Sveltus Noir 1527,479.000 TND
MOTO | SPORTS & LOISIRS,Sports,Fitness & Musculation,Rangement Haltères Sveltus Noir 1527,479.000 TND
MOTO | SPORTS & LOISIRS,Sports,Fitness & Musculation,Banc de musculation réglable ZIMOTA BRG05 - Noir,519.000 TND
MOTO | SPORTS & LOISIRS,Sports,Fitness & Musculation,Banc de musculation réglable ZIMOTA BRG05 - Noir,519.000 TND
MOTO | SPORTS & LOISIRS,Sports,Fitness & Musculation,Pack ZIMOTA Vélo Elliptique E21 Bleu + Micro Casque Sans Fil Noir ,659.000 TND
MOTO | SPORTS & LOISIRS,Sports,Fitness & Musculation,Pack ZIMOTA Vélo Elliptique E21 Bleu + Micro Casque Sans Fil Noir ,699.000 TND
MOTO | SPORTS & LOISIRS,Sports,Fitness & Musculation,Banc de Musculation Multifonction Zimota BMFG05,659.000 TND
MOTO | SPORTS & LOISIRS,Sports,Fitness & Musculation,Banc de Musculation Multifonction Zimota BMFG05,699.000 TND
MOTO | SPORTS & LOISIRS,Sports,Fitness & Musculation,Vélo d'appartement ZIMOTA B24 - Noir,699.000 TND
MOTO | SPORTS & LOISIRS,Sports,Fitness & Musculation,Vélo d'appartement ZIMOTA B24 - Noir,699.000 TND
MOTO | SPORTS & LOISIRS,Sports,Fitness & Musculation,Mini Vélo EVERFIT Double Fonction WELLY-E-COMBI ,729.000 TND
MOTO | SPORTS & LOISIRS,Sports,Fitness & Musculation,Mini Vélo EVERFIT Double Fonction WELLY-E-COMBI ,729.000 TND
MOTO | SPORTS & LOISIRS,Sports,Fitness & Musculation,Rameur À Marteaux Power Rower Pro HAMMER 4530 - Noir&Silver,869.000 TND
MOTO | SPORTS & LOISIRS,Sports,Fitness & Musculation,Rameur À Marteaux Power Rower Pro HAMMER 4530 - Noir&Silver,869.000 TND
MOTO | SPORTS & LOISIRS,Sports,Fitness & Musculation,Vélo Elliptique ZIMOTA E25 - Noir,919.000 TND
MOTO | SPORTS & LOISIRS,Sports,Fitness & Musculation,Vélo Elliptique ZIMOTA E25 - Noir,919.000 TND
MOTO | SPORTS & LOISIRS,Sports,Fitness & Musculation,Vélo Bike BT FITNESS BT20030 - Gris,929.000 TND
MOTO | SPORTS & LOISIRS,Sports,Fitness & Musculation,Vélo Bike BT FITNESS BT20030 - Gris,929.000 TND
MOTO | SPORTS & LOISIRS,Sports,Fitness & Musculation, Tapis Roulant ZIMOTA 1100 13Km/h - Noir&Blanc,1 339.000 TND
MOTO | SPORTS & LOISIRS,Sports,Fitness & Musculation, Tapis Roulant ZIMOTA 1100 13Km/h - Noir&Blanc,1 339.000 TND
MOTO | SPORTS & LOISIRS,Sports,Fitness & Musculation,Vélo Elliptique BT FITNESS BT10030 - Gris,1 459.000 TND
MOTO | SPORTS & LOISIRS,Sports,Fitness & Musculation,Vélo Elliptique BT FITNESS BT10030 - Gris,1 459.000 TND
MOTO | SPORTS & LOISIRS,Sports,Fitness & Musculation,Vélo Elliptique Zimota E61 - Noir&Rouge,1 489.000 TND
MOTO | SPORTS & LOISIRS,Sports,Fitness & Musculation,Vélo Elliptique Zimota E61 - Noir&Rouge,1 489.000 TND
MOTO | SPORTS & LOISIRS,Sports,Fitness & Musculation,Rameur HAMMER Cobra XT 4538,1 579.000 TND
MOTO | SPORTS & LOISIRS,Sports,Fitness & Musculation,Rameur HAMMER Cobra XT 4538,1 579.000 TND
MOTO | SPORTS & LOISIRS,Sports,Fitness & Musculation,Tapis Roulant TOORX MOTION,1 699.000 TND
MOTO | SPORTS & LOISIRS,Sports,Fitness & Musculation,Tapis Roulant TOORX MOTION,1 699.000 TND
MOTO | SPORTS & LOISIRS,Sports,Fitness & Musculation, Tapis Roulant ZIMOTA 1380 13Km/h - Noir&Blanc,1 799.000 TND
MOTO | SPORTS & LOISIRS,Sports,Fitness & Musculation, Tapis Roulant ZIMOTA 1380 13Km/h - Noir&Blanc,1 799.000 TND
MOTO | SPORTS & LOISIRS,Sports,Fitness & Musculation,Rameur HAMMER Cobra XTR - 4539,1 919.000 TND
MOTO | SPORTS & LOISIRS,Sports,Fitness & Musculation,Rameur HAMMER Cobra XTR - 4539,1 919.000 TND
MOTO | SPORTS & LOISIRS,Sports,Fitness & Musculation,Tapis Roulant HAMMER Race Runner 2000M + 2 Bracelets Lesté Lycra Sveltus 2Kg Offerts,1 999.000 TND
MOTO | SPORTS & LOISIRS,Sports,Fitness & Musculation,Tapis Roulant HAMMER Race Runner 2000M + 2 Bracelets Lesté Lycra Sveltus 2Kg Offerts,1 999.000 TND
MOTO | SPORTS & LOISIRS,Sports,Fitness & Musculation,Tapis Roulant HAMMER 4326 Life Runner LR16i 16 Km/h,2 419.000 TND
MOTO | SPORTS & LOISIRS,Sports,Fitness & Musculation,Tapis Roulant HAMMER 4326 Life Runner LR16i 16 Km/h,2 419.000 TND
MOTO | SPORTS & LOISIRS,Sports,Fitness & Musculation,Tapis Roulant ZIMOTA 3810 16Km/h - Noir&Blanc,2 599.000 TND
MOTO | SPORTS & LOISIRS,Sports,Fitness & Musculation,Tapis Roulant ZIMOTA 3810 16Km/h - Noir&Blanc,2 599.000 TND
MOTO | SPORTS & LOISIRS,Sports,Fitness & Musculation,Vélo Elliptique HAMMER FINNLO Loxon - Gris,2 899.000 TND
MOTO | SPORTS & LOISIRS,Sports,Fitness & Musculation,Vélo Elliptique HAMMER FINNLO Loxon - Gris,2 899.000 TND
MOTO | SPORTS & LOISIRS,Sports,Fitness & Musculation,Tapis Roulant HAMMER 4329 Life Runner LR18i 18 Km/h,3 379.000 TND
MOTO | SPORTS & LOISIRS,Sports,Fitness & Musculation,Tapis Roulant HAMMER 4329 Life Runner LR18i 18 Km/h,3 379.000 TND
MOTO | SPORTS & LOISIRS,Sports,Fitness & Musculation,Tapis Roulant HAMMER 4336 Race Runner 2200I 22 Km/h - Noir,3 889.000 TND
MOTO | SPORTS & LOISIRS,Sports,Fitness & Musculation,Tapis Roulant HAMMER 4336 Race Runner 2200I 22 Km/h - Noir,3 889.000 TND
MOTO | SPORTS & LOISIRS,Sports,Fitness & Musculation,Tapis Roulant HAMMER 3510 Technum 4 Finnlo 18 Km/h,3 989.000 TND
MOTO | SPORTS & LOISIRS,Sports,Fitness & Musculation,Tapis Roulant HAMMER 3510 Technum 4 Finnlo 18 Km/h,3 989.000 TND
MOTO | SPORTS & LOISIRS,Sports,Fitness & Musculation,Rameur à chaine Pro HAMMER Aquon Competition 3708 - Noir,4 149.000 TND
MOTO | SPORTS & LOISIRS,Sports,Fitness & Musculation,Rameur à chaine Pro HAMMER Aquon Competition 3708 - Noir,4 149.000 TND
MOTO | SPORTS & LOISIRS,Sports,Fitness & Musculation,Tapis Roulant ZIMOTA 4100 - Noir,4 789.000 TND
MOTO | SPORTS & LOISIRS,Sports,Fitness & Musculation,Tapis Roulant ZIMOTA 4100 - Noir,4 789.000 TND
MOTO | SPORTS & LOISIRS,Sports,Fitness & Musculation,Tapis Roulant HAMMER 3512 Endurance 4 Finnlo 22 Km/h,5 349.000 TND
MOTO | SPORTS & LOISIRS,Sports,Fitness & Musculation,Tapis Roulant HAMMER 3512 Endurance 4 Finnlo 22 Km/h,5 349.000 TND
MOTO | SPORTS & LOISIRS,Sports,Fitness & Musculation,Tapis Roulant HAMMER 4332 Life Runner LR22i 22 Km/h,5 479.000 TND
MOTO | SPORTS & LOISIRS,Sports,Fitness & Musculation,Tapis Roulant HAMMER 4332 Life Runner LR22i 22 Km/h,5 479.000 TND
MOTO | SPORTS & LOISIRS,Sports,Fitness & Musculation,Tapis Roulant PARCOURS FITNESS Q7 TFT 20Km/h - Noir,5 998.000 TND
MOTO | SPORTS & LOISIRS,Sports,Fitness & Musculation,Tapis Roulant PARCOURS FITNESS Q7 TFT 20Km/h - Noir,6 498.000 TND
MOTO | SPORTS & LOISIRS,Sports,Fitness & Musculation,Tapis Roulant HAMMER 3513 FINNLO 22 Km/h - 3513,5 998.000 TND
MOTO | SPORTS & LOISIRS,Sports,Fitness & Musculation,Tapis Roulant HAMMER 3513 FINNLO 22 Km/h - 3513,6 498.000 TND
